data,duracao_total_min,sono_profundo_min,sono_leve_min,sono_rem_min,acordado_min,vezes_acordado,momentos_agitados,score_geral,score_geral_qualif,score_rem_pct,score_rem_qualif,score_deep_pct,score_deep_qualif,score_light_pct,score_duracao_qualif,score_stress_qualif,score_agitacao_qualif,feedback_sono,insight_personalizado,hrv_medio_noite,hrv_status,fc_media_sono,fc_repouso,respiracao_media,respiracao_minima,respiracao_maxima,stress_medio_sono,body_battery_variacao,sono_necessidade_baseline,sono_necessidade_real,sono_ajuste_treino,sono_ajuste_hrv
2025-04-15,437.0,109.0,235.0,93.0,0.0,0,,89,GOOD,21,GOOD,25,EXCELLENT,54,EXCELLENT,GOOD,EXCELLENT,POSITIVE_LONG_AND_DEEP,STRESS_POS_EXCELLENT_OR_GOOD_SLEEP_VERY_RESTFUL_DAY,,,,42,12.0,6.0,17.0,15.0,57,480,450,NO_CHANGE,NO_DATA
2025-04-16,415.0,101.0,226.0,88.0,1.0,0,,82,GOOD,21,GOOD,24,EXCELLENT,54,FAIR,FAIR,EXCELLENT,POSITIVE_DEEP,STRESS_POS_EXCELLENT_OR_GOOD_SLEEP_VERY_RESTFUL_DAY,,,,42,12.0,7.0,18.0,16.0,59,480,480,NO_CHANGE,NO_DATA
2025-04-17,422.3,113.0,259.0,51.0,1.0,0,,82,GOOD,12,FAIR,27,EXCELLENT,61,FAIR,EXCELLENT,EXCELLENT,POSITIVE_DEEP,STRESS_POS_EXCELLENT_OR_GOOD_SLEEP_RESTFUL_DAY,,,,40,13.0,8.0,23.0,12.0,63,480,480,NO_CHANGE,NO_DATA
2025-04-18,438.0,104.0,258.0,76.0,1.0,0,,84,GOOD,17,FAIR,24,EXCELLENT,59,GOOD,FAIR,EXCELLENT,POSITIVE_LONG_AND_DEEP,STRESS_POS_EXCELLENT_OR_GOOD_SLEEP_VERY_RESTFUL_DAY,,,,42,13.0,7.0,19.0,17.0,58,480,480,NO_CHANGE,NO_CHANGE
2025-04-19,422.9,85.0,314.0,24.0,13.0,1,,67,FAIR,6,POOR,20,EXCELLENT,74,FAIR,FAIR,EXCELLENT,NEGATIVE_NOT_ENOUGH_REM,MOD_EXERCISE_NEG_FAIR_OR_POOR_SLEEP_INACTIVITY,,,,47,14.0,8.0,22.0,23.0,44,480,480,NO_CHANGE,NO_CHANGE
2025-04-20,457.0,110.0,286.0,61.0,9.0,1,,78,FAIR,13,FAIR,24,EXCELLENT,63,EXCELLENT,FAIR,EXCELLENT,POSITIVE_LONG_AND_DEEP,GENERAL_POS_FAIR_OR_POOR_SLEEP,,,,47,13.0,8.0,20.0,24.0,57,480,520,NO_CHANGE,INCREASING
2025-04-21,521.8,123.0,358.0,41.0,8.0,0,,76,FAIR,8,POOR,24,EXCELLENT,69,EXCELLENT,FAIR,EXCELLENT,NEGATIVE_LONG_BUT_NOT_ENOUGH_REM,MOD_EXERCISE_NEG_FAIR_OR_POOR_SLEEP_INACTIVITY,,,,47,13.0,7.0,21.0,21.0,58,480,480,NO_CHANGE,NO_CHANGE
2025-04-22,293.8,91.0,203.0,0.0,1.0,0,,48,POOR,0,POOR,31,EXCELLENT,69,POOR,POOR,EXCELLENT,NEGATIVE_SHORT_AND_NONRECOVERING,MOD_EXERCISE_NEG_FAIR_OR_POOR_SLEEP_INACTIVITY,,,,48,14.0,7.0,19.0,28.0,24,480,480,NO_CHANGE,NO_CHANGE
2025-04-23,434.2,86.0,270.0,79.0,10.0,1,,81,GOOD,18,FAIR,20,EXCELLENT,62,GOOD,FAIR,EXCELLENT,POSITIVE_LONG_AND_CALM,STRESS_POS_EXCELLENT_OR_GOOD_SLEEP_RESTFUL_DAY,,,,48,12.0,7.0,18.0,19.0,59,480,540,NO_CHANGE,INCREASING
2025-04-24,424.0,99.0,248.0,77.0,8.0,1,,79,FAIR,18,FAIR,23,EXCELLENT,58,FAIR,FAIR,EXCELLENT,POSITIVE_DEEP,STRESS_POS_FAIR_OR_POOR_SLEEP_RESTFUL_DAY,,,,45,12.0,7.0,17.0,20.0,59,480,520,NO_CHANGE,INCREASING
2025-04-25,492.0,92.0,269.0,131.0,13.0,2,,90,EXCELLENT,27,EXCELLENT,19,EXCELLENT,55,EXCELLENT,GOOD,GOOD,POSITIVE_OPTIMAL_STRUCTURE,STRESS_POS_EXCELLENT_OR_GOOD_SLEEP_VERY_RESTFUL_DAY,,,,45,12.0,7.0,16.0,16.0,61,480,520,NO_CHANGE,INCREASING
2025-04-26,545.7,103.0,339.0,104.0,9.0,1,,84,GOOD,19,FAIR,19,EXCELLENT,62,EXCELLENT,FAIR,GOOD,POSITIVE_LONG_AND_DEEP,STRESS_POS_EXCELLENT_OR_GOOD_SLEEP_RESTFUL_DAY,,,,46,13.0,7.0,18.0,21.0,55,480,500,NO_CHANGE,INCREASING
2025-04-27,413.4,103.0,262.0,49.0,6.0,0,,65,FAIR,12,FAIR,25,EXCELLENT,63,FAIR,POOR,EXCELLENT,NEGATIVE_NOT_RESTORATIVE,RHYTHM_NEG_FAIR_SLEEP_REALLY_LATE_TIMING,,,,49,14.0,8.0,19.0,33.0,34,480,480,NO_CHANGE,INCREASING
2025-04-28,483.0,133.0,282.0,68.0,6.0,0,,85,GOOD,14,FAIR,28,EXCELLENT,58,EXCELLENT,FAIR,EXCELLENT,POSITIVE_LONG_AND_CONTINUOUS,GENERAL_POS_FAIR_OR_POOR_SLEEP,,,,48,13.0,9.0,18.0,18.0,54,480,480,NO_CHANGE,NO_CHANGE
2025-04-29,461.0,84.0,283.0,94.0,5.0,0,,90,EXCELLENT,20,FAIR,18,EXCELLENT,61,EXCELLENT,GOOD,EXCELLENT,POSITIVE_OPTIMAL_STRUCTURE,STRESS_POS_EXCELLENT_OR_GOOD_SLEEP_RESTFUL_DAY,,,,45,12.0,7.0,18.0,14.0,69,480,480,NO_CHANGE,INCREASING
2025-04-30,394.0,61.0,281.0,52.0,1.0,0,,74,FAIR,13,FAIR,15,FAIR,71,FAIR,FAIR,EXCELLENT,POSITIVE_CONTINUOUS,GENERAL_POS_FAIR_OR_POOR_SLEEP,,,,46,12.0,7.0,17.0,21.0,55,480,460,NO_CHANGE,NO_CHANGE
2025-05-01,420.0,61.0,290.0,69.0,0.0,0,,81,GOOD,16,FAIR,15,FAIR,69,GOOD,FAIR,EXCELLENT,POSITIVE_LONG_AND_CONTINUOUS,MOD_EXERCISE_POS_EXCELLENT_OR_GOOD_SLEEP_MODERATE_DURING_DAY,,,,47,12.0,7.0,20.0,19.0,52,480,480,NO_CHANGE,NO_CHANGE
2025-05-02,424.6,119.0,255.0,51.0,2.0,0,,80,GOOD,12,FAIR,28,EXCELLENT,60,FAIR,FAIR,EXCELLENT,POSITIVE_DEEP,MOD_EXERCISE_POS_EXCELLENT_OR_GOOD_SLEEP_VIGOROUS_DURING_DAY,,,,45,12.0,8.0,17.0,16.0,64,480,480,NO_CHANGE,NO_CHANGE
2025-05-03,433.0,78.0,281.0,74.0,0.0,0,,82,GOOD,17,FAIR,18,EXCELLENT,65,GOOD,FAIR,EXCELLENT,POSITIVE_LONG_AND_CONTINUOUS,MOD_EXERCISE_POS_EXCELLENT_OR_GOOD_SLEEP_MODERATE_DURING_DAY,,,,46,13.0,7.0,20.0,16.0,61,480,480,NO_CHANGE,NO_CHANGE
2025-05-04,420.0,78.0,327.0,15.0,1.0,0,,65,FAIR,4,POOR,19,EXCELLENT,78,FAIR,GOOD,EXCELLENT,NEGATIVE_NOT_ENOUGH_REM,MOD_EXERCISE_NEG_FAIR_OR_POOR_SLEEP_INACTIVITY,,,,44,12.0,7.0,18.0,15.0,58,480,480,NO_CHANGE,NO_CHANGE
2025-05-05,486.0,120.0,266.0,100.0,4.0,0,,87,GOOD,21,FAIR,25,EXCELLENT,55,EXCELLENT,FAIR,EXCELLENT,POSITIVE_LONG_AND_DEEP,MOD_EXERCISE_POS_EXCELLENT_OR_GOOD_SLEEP_VIGOROUS_DURING_DAY,,,,48,13.0,7.0,20.0,21.0,57,480,480,NO_CHANGE,NO_CHANGE
2025-05-06,417.0,56.0,299.0,62.0,4.0,0,,78,FAIR,15,FAIR,13,FAIR,72,FAIR,FAIR,EXCELLENT,POSITIVE_CONTINUOUS,STRESS_POS_FAIR_OR_POOR_SLEEP_RESTFUL_DAY,,,,47,13.0,8.0,20.0,17.0,53,480,480,NO_CHANGE,NO_CHANGE
2025-05-07,421.0,92.0,265.0,64.0,0.0,0,,81,GOOD,15,FAIR,22,EXCELLENT,63,FAIR,GOOD,EXCELLENT,POSITIVE_DEEP,RHYTHM_POS_GOOD_SLEEP_EXCELLENT_TIMING,,,,46,12.0,7.0,20.0,15.0,62,480,480,NO_CHANGE,NO_CHANGE
2025-05-08,414.0,107.0,226.0,81.0,6.0,0,,79,FAIR,20,FAIR,26,EXCELLENT,55,FAIR,FAIR,EXCELLENT,POSITIVE_DEEP,RHYTHM_POS_FAIR_OR_POOR_SLEEP_EXCELLENT_TIMING,,,,46,13.0,6.0,19.0,21.0,62,480,480,NO_CHANGE,NO_CHANGE
2025-05-09,437.0,91.0,268.0,78.0,5.0,0,,85,GOOD,18,FAIR,21,EXCELLENT,61,GOOD,GOOD,EXCELLENT,POSITIVE_LONG_AND_DEEP,MOD_EXERCISE_POS_EXCELLENT_OR_GOOD_SLEEP_MODERATE_DURING_DAY,,,,47,13.0,7.0,18.0,14.0,68,480,480,NO_CHANGE,NO_CHANGE
2025-05-10,410.0,51.0,299.0,60.0,4.0,0,,78,FAIR,15,FAIR,12,FAIR,73,FAIR,GOOD,EXCELLENT,POSITIVE_CONTINUOUS,STRESS_POS_FAIR_OR_POOR_SLEEP_RESTFUL_DAY,,,,44,12.0,6.0,19.0,15.0,65,480,480,NO_CHANGE,NO_CHANGE
2025-05-11,440.0,101.0,289.0,50.0,15.0,1,,77,FAIR,11,FAIR,23,EXCELLENT,66,GOOD,FAIR,GOOD,POSITIVE_LONG_AND_DEEP,MOD_EXERCISE_POS_FAIR_SLEEP_MOD_TO_VIG_DURING_DAY,,,,48,13.0,7.0,19.0,21.0,63,480,480,NO_CHANGE,NO_CHANGE
2025-05-12,413.0,64.0,261.0,88.0,1.0,0,,83,GOOD,21,GOOD,15,FAIR,63,FAIR,EXCELLENT,EXCELLENT,POSITIVE_RECOVERING,RHYTHM_POS_GOOD_SLEEP_EXCELLENT_TIMING,,,,46,12.0,6.0,18.0,10.0,64,480,510,NO_CHANGE,NO_CHANGE
2025-05-13,472.0,70.0,309.0,93.0,2.0,0,,85,GOOD,20,FAIR,15,FAIR,65,EXCELLENT,FAIR,EXCELLENT,POSITIVE_LONG_AND_CONTINUOUS,RHYTHM_POS_GOOD_SLEEP_EXCELLENT_TIMING,,,,46,12.0,6.0,20.0,19.0,65,480,480,NO_CHANGE,NO_CHANGE
2025-05-14,399.0,88.0,278.0,33.0,0.0,0,,70,FAIR,8,POOR,22,EXCELLENT,70,FAIR,FAIR,EXCELLENT,NEGATIVE_NOT_ENOUGH_REM,STRESS_NEG_GOOD_OR_WORSE_SLEEP_STRESSFUL_DAY,,,,48,13.0,7.0,19.0,22.0,57,480,480,NO_CHANGE,NO_CHANGE
2025-05-15,468.0,94.0,253.0,121.0,0.0,0,,92,EXCELLENT,26,EXCELLENT,20,EXCELLENT,54,EXCELLENT,FAIR,EXCELLENT,POSITIVE_OPTIMAL_STRUCTURE,STRESS_POS_EXCELLENT_OR_GOOD_SLEEP_VERY_RESTFUL_DAY,,,,46,12.0,7.0,19.0,16.0,72,480,480,NO_CHANGE,NO_CHANGE
2025-05-16,415.0,117.0,193.0,105.0,8.0,1,,79,FAIR,25,EXCELLENT,28,EXCELLENT,47,FAIR,FAIR,EXCELLENT,POSITIVE_REFRESHING,STRESS_POS_FAIR_OR_POOR_SLEEP_RESTFUL_EVENING,,,,47,13.0,6.0,20.0,21.0,66,480,480,NO_CHANGE,NO_CHANGE
2025-05-17,475.0,94.0,264.0,117.0,14.0,1,,88,GOOD,25,EXCELLENT,20,EXCELLENT,56,EXCELLENT,FAIR,EXCELLENT,POSITIVE_LONG_AND_REFRESHING,MOD_EXERCISE_POS_EXCELLENT_OR_GOOD_SLEEP_MODERATE_DURING_DAY_OUTDOOR,,,,47,12.0,6.0,18.0,20.0,68,480,480,NO_CHANGE,NO_CHANGE
2025-05-18,129.0,29.0,90.0,10.0,0.0,0,,29,POOR,8,INVALID,22,INVALID,70,POOR,FAIR,EXCELLENT,POSITIVE_SHORT_BUT_CONTINUOUS,EVENT_DAY_POS_POOR_SLEEP,,,,50,12.0,7.0,18.0,22.0,13,480,480,NO_CHANGE,NO_CHANGE
2025-05-19,428.0,147.0,244.0,37.0,9.0,0,,55,POOR,9,POOR,34,EXCELLENT,57,FAIR,POOR,EXCELLENT,NEGATIVE_NOT_RESTORATIVE,HARD_EXERCISE_NEG_FAIR_OR_POOR_SLEEP_HARD_DURING_DAY,,,,49,15.0,9.0,20.0,40.0,23,480,540,TODAYS_LOAD_AND_CHRONIC,NO_CHANGE
2025-05-20,462.0,97.0,268.0,97.0,6.0,1,,88,GOOD,21,GOOD,21,EXCELLENT,58,EXCELLENT,FAIR,GOOD,POSITIVE_LONG_AND_DEEP,STRESS_POS_EXCELLENT_OR_GOOD_SLEEP_RESTFUL_DAY,,,,48,13.0,7.0,17.0,16.0,83,480,540,HIGH_ACWR_AND_CHRONIC,NO_CHANGE
2025-05-21,427.0,93.0,271.0,63.0,1.0,0,,81,GOOD,15,FAIR,22,EXCELLENT,63,FAIR,FAIR,EXCELLENT,POSITIVE_DEEP,STRESS_POS_EXCELLENT_OR_GOOD_SLEEP_RESTFUL_EVENING,,,,49,13.0,8.0,18.0,17.0,58,480,520,HIGH_ACWR_AND_CHRONIC,INCREASING
2025-05-22,425.0,93.0,277.0,55.0,2.0,0,,77,FAIR,13,FAIR,22,EXCELLENT,65,FAIR,FAIR,EXCELLENT,POSITIVE_DEEP,STRESS_POS_FAIR_OR_POOR_SLEEP_RESTFUL_DAY,,,,49,13.0,8.0,20.0,22.0,57,480,480,NO_CHANGE,NO_CHANGE
2025-05-23,419.4,68.0,283.0,69.0,1.0,0,,81,GOOD,16,FAIR,16,GOOD,67,FAIR,GOOD,EXCELLENT,POSITIVE_CONTINUOUS,STRESS_POS_EXCELLENT_OR_GOOD_SLEEP_RESTFUL_EVENING,,,,48,13.0,7.0,18.0,15.0,66,480,480,NO_CHANGE,NO_CHANGE
2025-05-24,451.0,102.0,280.0,69.0,0.0,0,,86,GOOD,15,FAIR,23,EXCELLENT,62,GOOD,GOOD,EXCELLENT,POSITIVE_LONG_AND_CONTINUOUS,GENERAL_POS_EXCELLENT_OR_GOOD_SLEEP,,,,48,12.0,6.0,19.0,16.0,67,480,500,NO_CHANGE,INCREASING
2025-05-25,457.9,152.0,277.0,29.0,24.0,1,,69,FAIR,6,POOR,33,EXCELLENT,60,EXCELLENT,FAIR,GOOD,NEGATIVE_LONG_BUT_NOT_ENOUGH_REM,RHYTHM_NEG_FAIR_SLEEP_REALLY_LATE_TIMING,,,,48,13.0,9.0,18.0,25.0,52,480,500,NO_CHANGE,INCREASING
2025-05-26,442.5,61.0,303.0,79.0,5.0,0,,86,GOOD,18,FAIR,14,FAIR,68,GOOD,EXCELLENT,EXCELLENT,POSITIVE_LONG_AND_CONTINUOUS,STRESS_POS_EXCELLENT_OR_GOOD_SLEEP_VERY_RESTFUL_DAY,,,,47,12.0,6.0,17.0,11.0,56,480,530,NO_CHANGE,INCREASING
2025-05-27,407.0,101.0,230.0,76.0,0.0,0,,82,GOOD,19,FAIR,25,EXCELLENT,57,FAIR,GOOD,EXCELLENT,POSITIVE_DEEP,STRESS_POS_EXCELLENT_OR_GOOD_SLEEP_RESTFUL_DAY,,,,47,13.0,9.0,17.0,15.0,60,480,480,NO_CHANGE,NO_CHANGE
2025-05-28,393.9,68.0,268.0,58.0,13.0,1,,75,FAIR,15,FAIR,17,GOOD,68,FAIR,FAIR,EXCELLENT,POSITIVE_CALM,GENERAL_POS_FAIR_OR_POOR_SLEEP,,,,47,12.0,7.0,18.0,18.0,67,480,480,NO_CHANGE,NO_CHANGE
2025-05-29,419.0,103.0,247.0,69.0,3.0,0,,81,GOOD,16,FAIR,25,EXCELLENT,59,FAIR,FAIR,EXCELLENT,POSITIVE_DEEP,MOD_EXERCISE_POS_EXCELLENT_OR_GOOD_SLEEP_VIGOROUS_DURING_DAY,,,,47,13.0,9.0,20.0,16.0,64,480,510,NO_CHANGE,NO_CHANGE
2025-05-30,409.0,110.0,208.0,91.0,3.0,0,,81,GOOD,22,GOOD,27,EXCELLENT,51,FAIR,FAIR,EXCELLENT,POSITIVE_DEEP,STRESS_POS_EXCELLENT_OR_GOOD_SLEEP_RESTFUL_DAY,,,,47,13.0,8.0,19.0,19.0,62,480,480,NO_CHANGE,NO_CHANGE
2025-05-31,424.0,97.0,268.0,59.0,17.0,2,,51,POOR,14,FAIR,23,EXCELLENT,63,FAIR,POOR,FAIR,NEGATIVE_NOT_RESTORATIVE,MOD_EXERCISE_NEG_FAIR_OR_POOR_SLEEP_INACTIVITY,,,,51,16.0,10.0,22.0,46.0,23,480,480,NO_CHANGE,NO_CHANGE
2025-06-01,499.0,71.0,371.0,57.0,5.0,0,,81,GOOD,11,FAIR,14,FAIR,74,EXCELLENT,FAIR,EXCELLENT,POSITIVE_LONG_AND_CONTINUOUS,HARD_EXERCISE_POS_FAIR_SLEEP_HARD_TO_STRENUOUS_DURING_DAY,,,,51,13.0,8.0,19.0,20.0,53,480,540,DAILY_ACTIVITY_AND_CHRONIC,INCREASING
2025-06-02,350.0,100.0,225.0,25.0,8.0,1,,64,FAIR,7,POOR,29,EXCELLENT,64,FAIR,FAIR,EXCELLENT,NEGATIVE_NOT_ENOUGH_REM,GENERAL_NEG_FAIR_OR_POOR_SLEEP,,,,52,15.0,9.0,20.0,24.0,35,480,480,NO_CHANGE,NO_CHANGE
2025-06-03,313.6,72.0,206.0,36.0,0.0,0,,67,FAIR,11,FAIR,23,EXCELLENT,66,POOR,EXCELLENT,EXCELLENT,POSITIVE_SHORT_BUT_RECOVERING,STRESS_POS_FAIR_OR_POOR_SLEEP_RESTFUL_DAY,,,,46,11.0,7.0,16.0,9.0,59,480,530,NO_CHANGE,INCREASING
2025-06-04,360.0,72.0,227.0,61.0,3.0,0,,74,FAIR,17,FAIR,20,EXCELLENT,63,FAIR,FAIR,EXCELLENT,POSITIVE_CONTINUOUS,STRESS_POS_FAIR_OR_POOR_SLEEP_RESTFUL_DAY,,,,46,12.0,6.0,17.0,17.0,60,480,460,NO_CHANGE,INCREASING
2025-06-05,404.0,96.0,215.0,93.0,4.0,0,,86,GOOD,23,EXCELLENT,24,EXCELLENT,53,FAIR,GOOD,EXCELLENT,POSITIVE_DEEP,STRESS_POS_EXCELLENT_OR_GOOD_SLEEP_RESTFUL_EVENING,,,,45,12.0,8.0,17.0,13.0,66,480,500,NO_CHANGE,INCREASING
2025-06-06,420.0,122.0,188.0,110.0,3.0,0,,84,GOOD,26,EXCELLENT,29,EXCELLENT,45,FAIR,FAIR,EXCELLENT,POSITIVE_REFRESHING,STRESS_POS_EXCELLENT_OR_GOOD_SLEEP_RESTFUL_DAY,,,,45,13.0,8.0,20.0,17.0,68,480,520,NO_CHANGE,INCREASING
2025-06-07,417.0,90.0,277.0,50.0,9.0,1,,79,FAIR,12,FAIR,22,EXCELLENT,66,FAIR,FAIR,EXCELLENT,POSITIVE_DEEP,STRESS_POS_FAIR_OR_POOR_SLEEP_RESTFUL_DAY,,,,45,12.0,7.0,17.0,16.0,66,480,500,NO_CHANGE,INCREASING
2025-06-08,448.0,124.0,266.0,58.0,20.0,2,,71,FAIR,13,FAIR,28,EXCELLENT,59,GOOD,POOR,FAIR,NEGATIVE_LONG_BUT_NOT_RESTORATIVE,HARD_EXERCISE_NEG_FAIR_OR_POOR_SLEEP_HARD_DURING_DAY,,,,51,14.0,7.0,19.0,29.0,43,480,500,DAILY_ACTIVITY_AND_TODAYS_LOAD,NO_CHANGE
2025-06-09,410.0,82.0,223.0,105.0,2.0,0,,85,GOOD,26,EXCELLENT,20,EXCELLENT,54,FAIR,EXCELLENT,EXCELLENT,POSITIVE_REFRESHING,STRESS_POS_EXCELLENT_OR_GOOD_SLEEP_RESTFUL_EVENING,,,,46,12.0,6.0,18.0,12.0,64,480,520,NO_CHANGE,NO_CHANGE
2025-06-10,516.0,96.0,300.0,120.0,8.0,1,,93,EXCELLENT,23,EXCELLENT,19,EXCELLENT,58,EXCELLENT,GOOD,EXCELLENT,POSITIVE_OPTIMAL_STRUCTURE,STRESS_POS_EXCELLENT_OR_GOOD_SLEEP_RESTFUL_DAY,,,,46,12.0,7.0,18.0,15.0,72,480,480,NO_CHANGE,NO_CHANGE
2025-06-11,445.9,83.0,322.0,41.0,1.0,0,,78,FAIR,9,POOR,19,EXCELLENT,72,GOOD,FAIR,EXCELLENT,NEGATIVE_LONG_BUT_NOT_ENOUGH_REM,GENERAL_NEG_FAIR_OR_POOR_SLEEP,,,,47,12.0,6.0,17.0,18.0,65,480,480,NO_CHANGE,NO_CHANGE
2025-06-12,464.0,95.0,291.0,78.0,19.0,2,,82,GOOD,17,FAIR,20,EXCELLENT,63,EXCELLENT,FAIR,GOOD,POSITIVE_LONG_AND_DEEP,MOD_EXERCISE_POS_EXCELLENT_OR_GOOD_SLEEP_VIGOROUS_CLOSE_BED,,,,49,13.0,7.0,20.0,20.0,59,480,480,NO_CHANGE,NO_CHANGE
2025-06-13,407.0,93.0,277.0,37.0,3.0,0,,72,FAIR,9,POOR,23,EXCELLENT,68,FAIR,FAIR,EXCELLENT,NEGATIVE_NOT_ENOUGH_REM,MOD_EXERCISE_NEG_FAIR_OR_POOR_SLEEP_INACTIVITY,,,,50,13.0,7.0,22.0,22.0,39,480,480,NO_CHANGE,NO_CHANGE
2025-06-14,417.0,85.0,326.0,6.0,10.0,0,,58,POOR,1,POOR,20,EXCELLENT,78,FAIR,POOR,EXCELLENT,NEGATIVE_NOT_ENOUGH_REM,STRESS_NEG_POOR_SLEEP_VERY_STRESSFUL_DAY,,,,52,14.0,8.0,20.0,28.0,26,480,480,NO_CHANGE,NO_CHANGE
2025-06-15,461.3,68.0,378.0,16.0,19.0,1,,57,POOR,3,POOR,15,FAIR,82,EXCELLENT,POOR,GOOD,NEGATIVE_LONG_BUT_NOT_RESTORATIVE,STRESS_NEG_FAIR_OR_POOR_SLEEP_STRESSFUL_DAY_POOR_HISTORY,,,,52,15.0,8.0,21.0,33.0,28,480,530,NO_CHANGE,INCREASING
2025-06-16,194.0,79.0,115.0,0.0,2.0,0,,38,POOR,0,POOR,41,EXCELLENT,59,POOR,FAIR,EXCELLENT,NEGATIVE_SHORT_AND_POOR_STRUCTURE,GENERAL_NEG_FAIR_OR_POOR_SLEEP,,,,53,13.0,8.0,18.0,18.0,19,480,520,NO_CHANGE,INCREASING
2025-06-17,468.8,58.0,357.0,54.0,19.0,1,,79,FAIR,12,FAIR,12,FAIR,76,EXCELLENT,FAIR,GOOD,POSITIVE_LONG_AND_CONTINUOUS,GENERAL_POS_FAIR_OR_POOR_SLEEP,,,,53,12.0,8.0,19.0,19.0,55,480,540,NO_CHANGE,INCREASING
2025-06-18,391.0,48.0,303.0,40.0,5.0,0,,70,FAIR,10,POOR,12,FAIR,77,FAIR,FAIR,EXCELLENT,NEGATIVE_NOT_ENOUGH_REM,STRESS_NEG_FAIR_OR_POOR_SLEEP_STRESSFUL_DAY_POOR_HISTORY,,,,49,13.0,7.0,21.0,25.0,46,480,540,NO_CHANGE,INCREASING
2025-06-19,482.9,111.0,259.0,113.0,2.0,0,,90,EXCELLENT,23,EXCELLENT,23,EXCELLENT,54,EXCELLENT,FAIR,EXCELLENT,POSITIVE_OPTIMAL_STRUCTURE,GENERAL_POS_EXCELLENT_OR_GOOD_SLEEP,,,,46,13.0,9.0,20.0,19.0,73,480,540,NO_CHANGE,INCREASING
2025-06-20,468.0,54.0,295.0,119.0,0.0,0,,92,EXCELLENT,25,EXCELLENT,12,FAIR,63,EXCELLENT,EXCELLENT,EXCELLENT,POSITIVE_OPTIMAL_STRUCTURE,MOD_EXERCISE_POS_EXCELLENT_OR_GOOD_SLEEP_VIGOROUS_DURING_DAY,,,,48,13.0,8.0,19.0,11.0,76,480,510,NO_CHANGE,INCREASING
2025-06-21,482.0,93.0,336.0,53.0,28.0,2,,79,FAIR,11,FAIR,19,EXCELLENT,70,EXCELLENT,FAIR,FAIR,POSITIVE_LONG_AND_DEEP,GENERAL_POS_FAIR_OR_POOR_SLEEP,,,,48,13.0,6.0,19.0,21.0,56,480,510,NO_CHANGE,INCREASING
2025-06-22,0.0,0.0,0.0,0.0,0.0,,,,,,,,,,,,,,,,,,,,,,,,480,510,NO_CHANGE,INCREASING
2025-06-23,379.0,125.0,203.0,51.0,0.0,0,,75,FAIR,13,FAIR,33,EXCELLENT,54,FAIR,FAIR,EXCELLENT,POSITIVE_CONTINUOUS,GENERAL_POS_FAIR_OR_POOR_SLEEP,,,,48,13.0,6.0,21.0,18.0,48,480,480,NO_CHANGE,NO_DATA
2025-06-24,594.7,90.0,390.0,115.0,17.0,1,,83,GOOD,19,FAIR,15,FAIR,66,EXCELLENT,FAIR,GOOD,POSITIVE_LONG_AND_CALM,MOD_EXERCISE_POS_EXCELLENT_OR_GOOD_SLEEP_VIGOROUS_CLOSE_BED,,,,50,13.0,8.0,20.0,21.0,62,480,480,NO_CHANGE,NO_CHANGE
2025-06-25,415.0,63.0,273.0,79.0,1.0,0,,82,GOOD,19,FAIR,15,FAIR,66,FAIR,EXCELLENT,EXCELLENT,POSITIVE_CONTINUOUS,GENERAL_POS_EXCELLENT_OR_GOOD_SLEEP,,,,48,12.0,7.0,18.0,12.0,63,480,480,NO_CHANGE,NO_CHANGE
2025-06-26,415.0,75.0,305.0,35.0,9.0,2,,69,FAIR,8,POOR,18,GOOD,73,FAIR,FAIR,GOOD,NEGATIVE_NOT_ENOUGH_REM,HARD_EXERCISE_NEG_FAIR_OR_POOR_SLEEP_HARD_DURING_DAY,,,,50,12.0,7.0,18.0,25.0,51,480,480,NO_CHANGE,NO_CHANGE
2025-06-27,413.4,75.0,289.0,50.0,2.0,0,,75,FAIR,12,FAIR,18,EXCELLENT,70,FAIR,FAIR,EXCELLENT,POSITIVE_CONTINUOUS,GENERAL_POS_FAIR_OR_POOR_SLEEP,,,,51,13.0,8.0,22.0,22.0,59,480,480,NO_CHANGE,NO_CHANGE
2025-06-28,411.0,62.0,312.0,37.0,1.0,0,,73,FAIR,9,POOR,15,FAIR,76,FAIR,FAIR,EXCELLENT,NEGATIVE_NOT_ENOUGH_REM,NAPPING_NEG_FAIR_SLEEP_NOTGOOD_DURATION_UNBALANCED,,,,52,13.0,7.0,18.0,19.0,58,480,430,NO_CHANGE,NO_CHANGE
2025-06-29,452.4,112.0,276.0,65.0,8.0,1,,72,FAIR,14,FAIR,25,EXCELLENT,61,GOOD,POOR,GOOD,NEGATIVE_LONG_BUT_NOT_RESTORATIVE,STRESS_NEG_GOOD_OR_FAIR_SLEEP_VERY_STRESSFUL_DAY,,,,54,14.0,8.0,22.0,30.0,34,480,480,NO_CHANGE,NO_CHANGE
2025-06-30,370.6,99.0,245.0,27.0,19.0,2,,66,FAIR,7,POOR,27,EXCELLENT,66,FAIR,FAIR,GOOD,NEGATIVE_NOT_ENOUGH_REM,STRESS_NEG_GOOD_OR_FAIR_SLEEP_STRESSFUL_EVENING,,,,54,13.0,8.0,19.0,20.0,47,480,510,NO_CHANGE,NO_CHANGE
2025-07-01,438.9,73.0,308.0,58.0,18.0,2,,77,FAIR,13,FAIR,17,GOOD,70,GOOD,FAIR,GOOD,POSITIVE_LONG_AND_DEEP,STRESS_POS_FAIR_OR_POOR_SLEEP_RESTFUL_DAY,,,,49,12.0,6.0,18.0,20.0,59,480,510,NO_CHANGE,NO_CHANGE
2025-07-02,503.0,35.0,366.0,102.0,7.0,1,,85,GOOD,20,FAIR,7,FAIR,73,EXCELLENT,GOOD,EXCELLENT,POSITIVE_LONG_AND_CALM,MOD_EXERCISE_POS_EXCELLENT_OR_GOOD_SLEEP_VIGOROUS_DURING_DAY,,,,50,11.0,7.0,18.0,15.0,68,480,480,NO_CHANGE,NO_CHANGE
2025-07-03,463.0,98.0,299.0,66.0,19.0,2,,83,GOOD,14,FAIR,21,EXCELLENT,65,EXCELLENT,FAIR,GOOD,POSITIVE_LONG_AND_DEEP,STRESS_POS_EXCELLENT_OR_GOOD_SLEEP_VERY_RESTFUL_DAY,,,,49,12.0,6.0,20.0,16.0,49,480,450,NO_CHANGE,NO_CHANGE
2025-07-04,329.5,54.0,255.0,21.0,9.0,1,,64,FAIR,6,POOR,16,GOOD,77,FAIR,FAIR,GOOD,NEGATIVE_NOT_ENOUGH_REM,STRESS_NEG_GOOD_OR_WORSE_SLEEP_STRESSFUL_DAY,,,,49,12.0,6.0,18.0,19.0,42,480,480,NO_CHANGE,NO_CHANGE
2025-07-05,405.3,43.0,314.0,49.0,4.0,0,,74,FAIR,12,FAIR,11,FAIR,77,FAIR,FAIR,EXCELLENT,POSITIVE_CONTINUOUS,NOT_AVAILABLE,,,,51,10.0,6.0,16.0,21.0,68,480,520,NO_CHANGE,NO_CHANGE
2025-07-06,438.0,122.0,238.0,78.0,21.0,2,,76,FAIR,18,FAIR,28,EXCELLENT,54,GOOD,FAIR,GOOD,POSITIVE_LONG_AND_DEEP,HARD_EXERCISE_POS_FAIR_SLEEP_HARD_TO_STRENUOUS_DURING_DAY_OUTDOOR,,,,53,12.0,6.0,18.0,24.0,47,480,530,DAILY_ACTIVITY_AND_CHRONIC,NO_CHANGE
2025-07-07,405.0,94.0,253.0,58.0,13.0,1,,79,FAIR,14,FAIR,23,EXCELLENT,62,FAIR,GOOD,EXCELLENT,POSITIVE_DEEP,STRESS_POS_FAIR_OR_POOR_SLEEP_RESTFUL_DAY,,,,50,11.0,6.0,18.0,14.0,65,480,510,NO_CHANGE,NO_CHANGE
2025-07-08,381.0,74.0,252.0,55.0,0.0,0,,76,FAIR,14,FAIR,19,EXCELLENT,66,FAIR,FAIR,EXCELLENT,POSITIVE_CONTINUOUS,GENERAL_POS_FAIR_OR_POOR_SLEEP,,,,50,10.0,6.0,21.0,16.0,54,480,510,NO_CHANGE,NO_CHANGE
2025-07-09,427.0,92.0,270.0,65.0,0.0,0,,82,GOOD,15,FAIR,22,EXCELLENT,63,FAIR,GOOD,EXCELLENT,POSITIVE_CONTINUOUS,MOD_EXERCISE_POS_EXCELLENT_OR_GOOD_SLEEP_VIGOROUS_DURING_DAY,,,,50,11.0,6.0,20.0,16.0,69,480,480,NO_CHANGE,NO_CHANGE
2025-07-10,363.0,100.0,217.0,46.0,3.0,0,,71,FAIR,13,FAIR,28,EXCELLENT,60,FAIR,FAIR,EXCELLENT,POSITIVE_CONTINUOUS,GENERAL_POS_FAIR_OR_POOR_SLEEP,,,,49,11.0,5.0,19.0,23.0,49,480,520,DAILY_ACTIVITY_AND_CHRONIC,NO_CHANGE
2025-07-11,411.5,117.0,271.0,24.0,9.0,1,,67,FAIR,6,POOR,28,EXCELLENT,66,FAIR,FAIR,EXCELLENT,NEGATIVE_NOT_ENOUGH_REM,GENERAL_NEG_FAIR_OR_POOR_SLEEP,,,,52,12.0,7.0,18.0,22.0,53,480,510,NO_CHANGE,NO_CHANGE
2025-07-12,389.0,77.0,247.0,65.0,1.0,0,,76,FAIR,17,FAIR,20,EXCELLENT,63,FAIR,FAIR,EXCELLENT,POSITIVE_CONTINUOUS,STRESS_POS_FAIR_OR_POOR_SLEEP_RESTFUL_DAY,,,,51,11.0,6.0,17.0,21.0,63,480,510,DAILY_ACTIVITY_AND_CHRONIC,NO_CHANGE
2025-07-13,415.0,81.0,329.0,5.0,18.0,2,,49,POOR,1,POOR,20,EXCELLENT,79,FAIR,POOR,GOOD,NEGATIVE_NOT_RESTORATIVE,HARD_EXERCISE_NEG_FAIR_OR_POOR_SLEEP_HARD_DURING_DAY,,,,55,14.0,9.0,21.0,39.0,21,480,520,TODAYS_LOAD_AND_CHRONIC,NO_CHANGE
2025-07-14,404.0,81.0,307.0,16.0,1.0,0,,65,FAIR,4,POOR,20,EXCELLENT,76,FAIR,FAIR,EXCELLENT,NEGATIVE_NOT_ENOUGH_REM,GENERAL_NEG_FAIR_OR_POOR_SLEEP,,,,52,12.0,6.0,21.0,18.0,55,480,530,NO_CHANGE,NO_CHANGE
2025-07-15,450.4,62.0,336.0,53.0,0.0,0,,83,GOOD,12,FAIR,14,FAIR,75,GOOD,GOOD,EXCELLENT,POSITIVE_LONG_AND_CONTINUOUS,STRESS_POS_EXCELLENT_OR_GOOD_SLEEP_RESTFUL_DAY,,,,50,10.0,5.0,18.0,14.0,70,480,430,NO_CHANGE,NO_CHANGE
2025-07-16,457.0,68.0,275.0,114.0,6.0,0,,90,EXCELLENT,25,EXCELLENT,15,FAIR,60,EXCELLENT,FAIR,EXCELLENT,POSITIVE_OPTIMAL_STRUCTURE,MOD_EXERCISE_POS_EXCELLENT_OR_GOOD_SLEEP_VIGOROUS_DURING_DAY,,,,46,12.0,8.0,19.0,17.0,75,480,480,NO_CHANGE,NO_CHANGE
2025-07-17,482.0,60.0,344.0,78.0,9.0,0,,82,GOOD,16,FAIR,12,FAIR,71,EXCELLENT,FAIR,EXCELLENT,POSITIVE_LONG_AND_CONTINUOUS,MOD_EXERCISE_POS_EXCELLENT_OR_GOOD_SLEEP_ACTIVE_DAY,,,,49,11.0,6.0,18.0,21.0,63,480,500,DAILY_ACTIVITY_AND_CHRONIC,NO_CHANGE
2025-07-18,433.0,75.0,307.0,51.0,18.0,1,,70,FAIR,12,FAIR,17,GOOD,71,GOOD,POOR,GOOD,NEGATIVE_LONG_BUT_NOT_RESTORATIVE,STRESS_NEG_GOOD_OR_WORSE_SLEEP_STRESSFUL_DAY,,,,52,13.0,6.0,19.0,29.0,56,480,480,NO_CHANGE,NO_CHANGE
2025-07-19,456.8,114.0,309.0,34.0,4.0,0,,75,FAIR,7,POOR,25,EXCELLENT,68,EXCELLENT,FAIR,EXCELLENT,NEGATIVE_LONG_BUT_NOT_ENOUGH_REM,MOD_EXERCISE_NEG_FAIR_OR_POOR_SLEEP_INACTIVITY,,,,53,12.0,8.0,21.0,18.0,56,480,500,NO_CHANGE,NO_CHANGE
2025-07-20,336.0,108.0,228.0,0.0,45.0,1,,38,POOR,0,POOR,32,EXCELLENT,68,FAIR,POOR,FAIR,NEGATIVE_NOT_RESTORATIVE,STRESS_NEG_GOOD_OR_WORSE_SLEEP_STRESSFUL_DAY,,,,54,14.0,7.0,22.0,53.0,16,480,480,NO_CHANGE,NO_CHANGE
2025-07-21,375.0,62.0,294.0,19.0,15.0,1,,64,FAIR,5,POOR,17,GOOD,78,FAIR,FAIR,GOOD,NEGATIVE_NOT_ENOUGH_REM,GENERAL_NEG_FAIR_OR_POOR_SLEEP,,,,54,13.0,7.0,22.0,17.0,51,480,540,DAILY_ACTIVITY_AND_CHRONIC,NO_CHANGE
2025-07-22,479.0,86.0,348.0,45.0,23.0,2,,80,GOOD,9,POOR,18,EXCELLENT,73,EXCELLENT,GOOD,FAIR,NEGATIVE_LONG_BUT_NOT_ENOUGH_REM,MOD_EXERCISE_NEG_FAIR_OR_POOR_SLEEP_INACTIVITY,,,,49,11.0,6.0,17.0,13.0,76,480,540,NO_CHANGE,NO_CHANGE
2025-07-23,478.6,82.0,325.0,72.0,8.0,0,,84,GOOD,15,FAIR,17,GOOD,68,EXCELLENT,FAIR,EXCELLENT,POSITIVE_LONG_AND_CONTINUOUS,GENERAL_POS_EXCELLENT_OR_GOOD_SLEEP,,,,49,12.0,7.0,17.0,20.0,59,480,480,NO_CHANGE,NO_CHANGE
2025-07-24,469.0,63.0,332.0,74.0,20.0,1,,85,GOOD,16,FAIR,13,FAIR,71,EXCELLENT,GOOD,GOOD,POSITIVE_LONG_AND_RECOVERING,MOD_EXERCISE_POS_EXCELLENT_OR_GOOD_SLEEP_ACTIVE_DAY,,,,49,12.0,7.0,18.0,14.0,62,480,500,DAILY_ACTIVITY_AND_CHRONIC,NO_CHANGE
2025-07-25,420.7,67.0,263.0,91.0,11.0,1,,83,GOOD,22,GOOD,16,GOOD,63,FAIR,GOOD,EXCELLENT,POSITIVE_CALM,MOD_EXERCISE_POS_EXCELLENT_OR_GOOD_SLEEP_MODERATE_DURING_DAY,,,,48,11.0,5.0,18.0,14.0,64,480,480,NO_CHANGE,NO_CHANGE
2025-07-26,440.0,104.0,236.0,100.0,10.0,0,,85,GOOD,23,EXCELLENT,24,EXCELLENT,54,GOOD,FAIR,EXCELLENT,POSITIVE_LONG_AND_DEEP,STRESS_POS_EXCELLENT_OR_GOOD_SLEEP_RESTFUL_DAY,,,,47,12.0,7.0,19.0,18.0,69,480,480,NO_CHANGE,NO_CHANGE
2025-07-27,363.0,52.0,250.0,61.0,24.0,2,,72,FAIR,17,FAIR,14,FAIR,69,FAIR,GOOD,FAIR,POSITIVE_RECOVERING,STRESS_POS_FAIR_OR_POOR_SLEEP_RESTFUL_DAY,,,,47,11.0,7.0,18.0,16.0,57,480,480,NO_CHANGE,NO_CHANGE
2025-07-28,396.0,81.0,224.0,91.0,26.0,1,,81,GOOD,23,EXCELLENT,20,EXCELLENT,57,FAIR,GOOD,GOOD,POSITIVE_DEEP,STRESS_POS_EXCELLENT_OR_GOOD_SLEEP_RESTFUL_DAY,,,,47,12.0,7.0,20.0,14.0,65,480,520,NO_CHANGE,NO_CHANGE
2025-07-29,412.0,95.0,240.0,77.0,9.0,1,,82,GOOD,19,FAIR,23,EXCELLENT,58,FAIR,GOOD,EXCELLENT,POSITIVE_DEEP,MOD_EXERCISE_POS_EXCELLENT_OR_GOOD_SLEEP_VIGOROUS_DURING_DAY_OUTDOOR,,,,48,12.0,7.0,18.0,14.0,68,480,510,NO_CHANGE,NO_CHANGE
2025-07-30,413.7,70.0,231.0,113.0,1.0,0,,82,GOOD,27,EXCELLENT,17,GOOD,56,FAIR,FAIR,EXCELLENT,POSITIVE_REFRESHING,MOD_EXERCISE_POS_EXCELLENT_OR_GOOD_SLEEP_MODERATE_DURING_DAY,,,,47,12.0,7.0,17.0,17.0,68,480,480,NO_CHANGE,NO_CHANGE
2025-07-31,411.0,71.0,280.0,60.0,29.0,2,,76,FAIR,15,FAIR,17,GOOD,68,FAIR,GOOD,FAIR,POSITIVE_DEEP,GENERAL_POS_FAIR_OR_POOR_SLEEP,,,,51,11.0,6.0,21.0,15.0,63,480,500,TODAYS_LOAD_AND_CHRONIC,NO_CHANGE
2025-08-01,520.0,53.0,403.0,64.0,3.0,0,,85,GOOD,12,FAIR,10,FAIR,78,EXCELLENT,GOOD,EXCELLENT,POSITIVE_LONG_AND_CONTINUOUS,STRESS_POS_EXCELLENT_OR_GOOD_SLEEP_RESTFUL_DAY,,,,47,12.0,7.0,20.0,14.0,69,480,520,NO_CHANGE,NO_CHANGE
2025-08-02,418.0,28.0,348.0,42.0,0.0,0,,73,FAIR,10,POOR,7,FAIR,83,FAIR,FAIR,EXCELLENT,NEGATIVE_NOT_ENOUGH_REM,STRESS_NEG_GOOD_OR_WORSE_SLEEP_STRESSFUL_DAY,,,,45,10.0,6.0,19.0,17.0,64,480,480,NO_CHANGE,NO_CHANGE
2025-08-03,422.9,61.0,299.0,63.0,21.0,2,,76,FAIR,15,FAIR,14,FAIR,71,FAIR,FAIR,FAIR,POSITIVE_RECOVERING,STRESS_POS_FAIR_OR_POOR_SLEEP_RESTFUL_DAY,,,,47,12.0,6.0,22.0,17.0,63,480,480,NO_CHANGE,NO_CHANGE
2025-08-04,535.0,136.0,332.0,67.0,24.0,1,,83,GOOD,13,FAIR,25,EXCELLENT,62,EXCELLENT,FAIR,GOOD,POSITIVE_LONG_AND_DEEP,HARD_EXERCISE_POS_EXCELLENT_OR_GOOD_SLEEP_HARD_DURING_DAY,,,,48,13.0,6.0,21.0,19.0,75,480,500,TODAYS_LOAD_AND_CHRONIC,NO_CHANGE
2025-08-05,337.5,46.0,180.0,112.0,0.0,0,,72,FAIR,33,FAIR,14,FAIR,53,FAIR,EXCELLENT,EXCELLENT,POSITIVE_RECOVERING,STRESS_POS_FAIR_OR_POOR_SLEEP_RESTFUL_DAY,,,,47,12.0,7.0,18.0,8.0,57,480,480,NO_CHANGE,NO_CHANGE
2025-08-06,501.0,73.0,324.0,104.0,15.0,1,,89,GOOD,21,GOOD,15,FAIR,65,EXCELLENT,GOOD,GOOD,POSITIVE_LONG_AND_CALM,MOD_EXERCISE_POS_EXCELLENT_OR_GOOD_SLEEP_MODERATE_DURING_DAY,,,,46,12.0,6.0,18.0,13.0,73,480,510,HIGH_ACWR_AND_CHRONIC,NO_CHANGE
2025-08-07,345.0,53.0,172.0,120.0,0.0,0,,72,FAIR,35,FAIR,15,FAIR,50,FAIR,FAIR,EXCELLENT,POSITIVE_CONTINUOUS,GENERAL_POS_FAIR_OR_POOR_SLEEP,,,,44,11.0,7.0,16.0,16.0,51,480,480,NO_CHANGE,NO_CHANGE
2025-08-08,467.0,137.0,273.0,57.0,17.0,1,,81,GOOD,12,FAIR,29,EXCELLENT,58,EXCELLENT,FAIR,GOOD,POSITIVE_LONG_AND_DEEP,MOD_EXERCISE_POS_EXCELLENT_OR_GOOD_SLEEP_VIGOROUS_CLOSE_BED,,,,48,13.0,6.0,19.0,20.0,60,480,520,NO_CHANGE,NO_CHANGE
2025-08-09,425.0,57.0,250.0,118.0,0.0,0,,83,GOOD,28,EXCELLENT,13,FAIR,59,FAIR,GOOD,EXCELLENT,POSITIVE_REFRESHING,NOT_AVAILABLE,,,,45,12.0,6.0,17.0,15.0,55,480,480,NO_CHANGE,NO_CHANGE
2025-08-10,426.0,116.0,198.0,112.0,3.0,0,,85,GOOD,26,EXCELLENT,27,EXCELLENT,46,FAIR,FAIR,EXCELLENT,POSITIVE_REFRESHING,HARD_EXERCISE_POS_EXCELLENT_OR_GOOD_SLEEP_HARD_DURING_DAY,,,,50,12.0,7.0,18.0,16.0,67,480,520,TODAYS_LOAD_AND_CHRONIC,NO_DATA
2025-08-11,264.0,59.0,128.0,77.0,9.0,1,,58,POOR,29,EXCELLENT,22,EXCELLENT,48,POOR,EXCELLENT,EXCELLENT,POSITIVE_SHORT_BUT_RECOVERING,STRESS_POS_FAIR_OR_POOR_SLEEP_RESTFUL_DAY,,,,41,11.0,6.0,17.0,8.0,56,480,480,NO_CHANGE,NO_CHANGE
2025-08-12,430.7,65.0,287.0,79.0,10.0,1,,83,GOOD,18,FAIR,15,FAIR,67,GOOD,EXCELLENT,EXCELLENT,POSITIVE_LONG_AND_RECOVERING,MOD_EXERCISE_POS_EXCELLENT_OR_GOOD_SLEEP_MODERATE_DURING_DAY_OUTDOOR,,,,46,11.0,6.0,20.0,12.0,62,480,500,NO_CHANGE,NO_CHANGE
2025-08-13,414.0,66.0,258.0,90.0,6.0,0,,84,GOOD,22,GOOD,16,GOOD,62,FAIR,EXCELLENT,EXCELLENT,POSITIVE_CONTINUOUS,MOD_EXERCISE_POS_EXCELLENT_OR_GOOD_SLEEP_MODERATE_CLOSE_BED,,,,45,11.0,6.0,18.0,11.0,67,480,480,NO_CHANGE,NO_CHANGE
2025-08-14,407.0,80.0,256.0,71.0,1.0,0,,81,GOOD,17,FAIR,20,EXCELLENT,63,FAIR,GOOD,EXCELLENT,POSITIVE_CONTINUOUS,STRESS_POS_EXCELLENT_OR_GOOD_SLEEP_VERY_RESTFUL_DAY,,,,44,11.0,6.0,19.0,14.0,56,480,480,NO_CHANGE,NO_CHANGE
2025-08-15,421.9,68.0,253.0,101.0,10.0,1,,84,GOOD,24,EXCELLENT,16,GOOD,60,FAIR,GOOD,EXCELLENT,POSITIVE_REFRESHING,MOD_EXERCISE_POS_EXCELLENT_OR_GOOD_SLEEP_VIGOROUS_DURING_DAY,,,,45,12.0,7.0,17.0,13.0,73,480,480,NO_CHANGE,NO_CHANGE
2025-08-16,394.0,82.0,252.0,60.0,11.0,1,,76,FAIR,15,FAIR,21,EXCELLENT,64,FAIR,FAIR,EXCELLENT,POSITIVE_DEEP,STRESS_POS_FAIR_OR_POOR_SLEEP_RESTFUL_DAY,,,,47,12.0,7.0,23.0,18.0,59,480,480,NO_CHANGE,NO_CHANGE
2025-08-17,398.0,67.0,275.0,56.0,6.0,1,,78,FAIR,14,FAIR,17,GOOD,69,FAIR,GOOD,EXCELLENT,POSITIVE_CONTINUOUS,HARD_EXERCISE_POS_FAIR_SLEEP_HARD_TO_STRENUOUS_DURING_DAY,,,,48,12.0,6.0,17.0,13.0,67,480,540,TODAYS_LOAD_AND_CHRONIC,NO_CHANGE
2025-08-18,399.0,66.0,223.0,110.0,21.0,2,,80,GOOD,28,EXCELLENT,17,GOOD,56,FAIR,EXCELLENT,GOOD,POSITIVE_REFRESHING,GENERAL_POS_EXCELLENT_OR_GOOD_SLEEP,,,,45,11.0,6.0,16.0,13.0,66,480,540,HIGH_ACWR_AND_CHRONIC,NO_CHANGE
2025-08-19,412.7,115.0,169.0,129.0,1.0,0,,85,GOOD,31,GOOD,28,EXCELLENT,41,FAIR,EXCELLENT,EXCELLENT,POSITIVE_DEEP,NOT_AVAILABLE,,,,44,11.0,7.0,17.0,11.0,61,480,510,NO_CHANGE,NO_CHANGE
2025-08-20,412.0,69.0,293.0,50.0,10.0,1,,77,FAIR,12,FAIR,17,GOOD,71,FAIR,FAIR,EXCELLENT,POSITIVE_CALM,STRESS_POS_FAIR_OR_POOR_SLEEP_RESTFUL_DAY,,,,47,12.0,7.0,20.0,16.0,65,480,480,NO_CHANGE,NO_CHANGE
2025-08-21,427.0,112.0,255.0,60.0,1.0,0,,79,FAIR,14,FAIR,26,EXCELLENT,60,FAIR,FAIR,EXCELLENT,POSITIVE_DEEP,HARD_EXERCISE_POS_FAIR_SLEEP_HARD_TO_STRENUOUS_DURING_DAY,,,,44,12.0,7.0,18.0,20.0,67,480,510,TODAYS_LOAD_AND_CHRONIC,NO_CHANGE
2025-08-22,416.0,59.0,242.0,115.0,0.0,0,,85,GOOD,28,EXCELLENT,14,FAIR,58,FAIR,EXCELLENT,EXCELLENT,POSITIVE_RECOVERING,NOT_AVAILABLE,,,,43,12.0,7.0,19.0,7.0,58,480,480,NO_CHANGE,NO_CHANGE
2025-08-23,450.7,80.0,261.0,110.0,29.0,3,,85,GOOD,24,EXCELLENT,18,GOOD,58,GOOD,EXCELLENT,FAIR,POSITIVE_LONG_AND_RECOVERING,NOT_AVAILABLE,,,,43,11.0,6.0,17.0,8.0,57,480,480,NO_CHANGE,NO_CHANGE
2025-08-24,219.0,64.0,118.0,37.0,2.0,0,,47,POOR,17,FAIR,29,EXCELLENT,54,POOR,FAIR,EXCELLENT,POSITIVE_SHORT_BUT_CONTINUOUS,NOT_AVAILABLE,,,,48,12.0,6.0,15.0,23.0,36,480,480,NO_CHANGE,NO_CHANGE
2025-08-25,300.0,78.0,181.0,41.0,0.0,0,,64,FAIR,14,FAIR,26,EXCELLENT,60,POOR,GOOD,EXCELLENT,POSITIVE_SHORT_BUT_DEEP,NOT_AVAILABLE,,,,42,12.0,7.0,17.0,13.0,55,480,520,TODAYS_LOAD_AND_CHRONIC,NO_CHANGE
2025-08-26,427.0,142.0,149.0,136.0,0.0,0,,87,GOOD,32,FAIR,33,EXCELLENT,35,FAIR,EXCELLENT,EXCELLENT,POSITIVE_RECOVERING,NOT_AVAILABLE,,,,40,11.0,7.0,16.0,9.0,59,480,540,CHRONIC,NO_CHANGE
2025-08-27,407.0,101.0,203.0,103.0,0.0,0,,86,GOOD,25,EXCELLENT,25,EXCELLENT,50,FAIR,EXCELLENT,EXCELLENT,POSITIVE_RECOVERING,NOT_AVAILABLE,,,,41,11.0,7.0,16.0,7.0,61,480,510,CHRONIC,NO_CHANGE
2025-08-28,460.0,110.0,271.0,79.0,19.0,2,,88,GOOD,17,FAIR,24,EXCELLENT,59,EXCELLENT,EXCELLENT,GOOD,POSITIVE_LONG_AND_RECOVERING,NOT_AVAILABLE,,,,41,12.0,7.0,16.0,10.0,73,480,510,CHRONIC,NO_CHANGE
2025-08-29,400.0,68.0,272.0,60.0,10.0,1,,79,FAIR,15,FAIR,17,GOOD,68,FAIR,EXCELLENT,EXCELLENT,POSITIVE_CALM,NOT_AVAILABLE,,,,43,12.0,7.0,17.0,13.0,62,480,480,NO_CHANGE,NO_CHANGE
2025-08-30,513.0,90.0,320.0,103.0,14.0,1,,91,EXCELLENT,20,FAIR,18,GOOD,62,EXCELLENT,EXCELLENT,EXCELLENT,POSITIVE_HIGHLY_RECOVERING,NOT_AVAILABLE,,,,45,12.0,5.0,22.0,13.0,73,480,480,NO_CHANGE,NO_CHANGE
2025-08-31,480.0,64.0,351.0,65.0,41.0,1,,80,GOOD,14,FAIR,13,FAIR,73,EXCELLENT,FAIR,FAIR,POSITIVE_LONG_AND_CALM,NOT_AVAILABLE,,,,47,12.0,7.0,20.0,18.0,55,480,480,NO_CHANGE,NO_CHANGE
2025-09-01,232.0,77.0,144.0,11.0,1.0,0,,45,POOR,5,POOR,33,EXCELLENT,62,POOR,FAIR,EXCELLENT,NEGATIVE_SHORT_AND_NONRECOVERING,NOT_AVAILABLE,,,,47,13.0,9.0,19.0,22.0,26,480,480,NO_CHANGE,NO_CHANGE
2025-09-02,415.0,97.0,234.0,84.0,7.0,1,,80,GOOD,20,FAIR,23,EXCELLENT,56,FAIR,FAIR,EXCELLENT,POSITIVE_DEEP,NOT_AVAILABLE,,,,44,12.0,8.0,18.0,17.0,65,480,540,NO_CHANGE,NO_CHANGE
2025-09-03,397.0,132.0,194.0,71.0,3.0,0,,79,FAIR,18,FAIR,33,EXCELLENT,49,FAIR,FAIR,EXCELLENT,POSITIVE_CONTINUOUS,NOT_AVAILABLE,,,,44,12.0,7.0,18.0,16.0,62,480,520,NO_CHANGE,NO_CHANGE
2025-09-04,417.0,62.0,274.0,81.0,0.0,0,,82,GOOD,19,FAIR,15,FAIR,66,FAIR,GOOD,EXCELLENT,POSITIVE_CONTINUOUS,NOT_AVAILABLE,,,,45,12.0,6.0,16.0,13.0,67,480,510,NO_CHANGE,NO_CHANGE
2025-09-05,433.0,107.0,226.0,100.0,1.0,0,,88,GOOD,23,EXCELLENT,25,EXCELLENT,52,GOOD,EXCELLENT,EXCELLENT,POSITIVE_LONG_AND_CONTINUOUS,NOT_AVAILABLE,,,,42,12.0,6.0,18.0,11.0,67,480,500,NO_CHANGE,NO_CHANGE
2025-09-06,410.0,61.0,318.0,31.0,2.0,0,,69,FAIR,8,POOR,15,FAIR,78,FAIR,FAIR,EXCELLENT,NEGATIVE_NOT_ENOUGH_REM,NOT_AVAILABLE,,,,45,13.0,7.0,18.0,21.0,54,480,480,NO_CHANGE,NO_CHANGE
2025-09-07,462.0,124.0,332.0,6.0,8.0,0,,56,POOR,1,POOR,27,EXCELLENT,72,EXCELLENT,POOR,EXCELLENT,NEGATIVE_LONG_BUT_NOT_ENOUGH_REM,NOT_AVAILABLE,,,,46,13.0,8.0,21.0,34.0,37,480,520,DAILY_ACTIVITY_AND_CHRONIC,NO_CHANGE
2025-09-08,417.0,67.0,310.0,40.0,7.0,0,,76,FAIR,10,POOR,16,FAIR,74,FAIR,FAIR,EXCELLENT,NEGATIVE_NOT_ENOUGH_REM,NOT_AVAILABLE,,,,47,12.0,7.0,20.0,16.0,56,480,520,NO_CHANGE,NO_CHANGE
2025-09-09,394.0,50.0,282.0,62.0,2.0,0,,76,FAIR,16,FAIR,13,FAIR,72,FAIR,FAIR,EXCELLENT,POSITIVE_CONTINUOUS,NOT_AVAILABLE,,,,47,11.0,6.0,16.0,17.0,53,480,500,NO_CHANGE,NO_CHANGE
2025-09-10,417.6,117.0,243.0,58.0,0.0,0,,79,FAIR,14,FAIR,28,EXCELLENT,58,FAIR,FAIR,EXCELLENT,POSITIVE_CONTINUOUS,NOT_AVAILABLE,,,,44,13.0,8.0,17.0,19.0,55,480,510,NO_CHANGE,NO_CHANGE
2025-09-11,397.6,110.0,207.0,81.0,1.0,0,,79,FAIR,20,FAIR,28,EXCELLENT,52,FAIR,FAIR,EXCELLENT,POSITIVE_CONTINUOUS,NOT_AVAILABLE,,,,45,12.0,7.0,18.0,19.0,65,480,480,NO_CHANGE,NO_CHANGE
2025-09-12,416.0,73.0,252.0,91.0,1.0,0,,83,GOOD,22,GOOD,18,GOOD,61,FAIR,GOOD,EXCELLENT,POSITIVE_CONTINUOUS,MOD_EXERCISE_POS_EXCELLENT_OR_GOOD_SLEEP_MODERATE_DURING_DAY,,,48.0,41,12.0,8.0,17.0,14.0,65,480,500,NO_CHANGE,NO_CHANGE
2025-09-13,416.0,117.0,226.0,73.0,0.0,0,,84,GOOD,18,FAIR,28,EXCELLENT,54,FAIR,EXCELLENT,EXCELLENT,POSITIVE_CONTINUOUS,STRESS_POS_EXCELLENT_OR_GOOD_SLEEP_VERY_RESTFUL_DAY,,,45.0,43,12.0,7.0,17.0,11.0,57,480,480,NO_CHANGE,NO_CHANGE
2025-09-14,435.0,48.0,362.0,26.0,1.0,0,,70,FAIR,6,POOR,11,FAIR,83,FAIR,EXCELLENT,EXCELLENT,POSITIVE_CONTINUOUS,GENERAL_POS_FAIR_OR_POOR_SLEEP,,,46.0,44,11.0,6.0,18.0,11.0,46,480,440,NO_CHANGE,NO_CHANGE
2025-09-15,301.0,68.0,179.0,54.0,31.0,2,,62,FAIR,18,FAIR,23,EXCELLENT,59,POOR,FAIR,FAIR,POSITIVE_SHORT_BUT_DEEP,GENERAL_POS_FAIR_OR_POOR_SLEEP,,,47.0,42,11.0,6.0,16.0,18.0,49,480,480,NO_CHANGE,NO_CHANGE
2025-09-16,440.0,122.0,235.0,83.0,17.0,1,,86,GOOD,19,FAIR,28,EXCELLENT,53,GOOD,EXCELLENT,GOOD,POSITIVE_LONG_AND_DEEP,MOD_EXERCISE_POS_EXCELLENT_OR_GOOD_SLEEP_MODERATE_CLOSE_BED,,,46.0,41,12.0,7.0,16.0,12.0,72,480,540,NO_CHANGE,NO_CHANGE
2025-09-17,395.0,159.0,168.0,68.0,0.0,0,,81,GOOD,17,FAIR,40,EXCELLENT,43,FAIR,EXCELLENT,EXCELLENT,POSITIVE_RECOVERING,STRESS_POS_EXCELLENT_OR_GOOD_SLEEP_VERY_RESTFUL_DAY,,,44.0,41,12.0,6.0,17.0,10.0,60,480,480,NO_CHANGE,NO_CHANGE
2025-09-18,410.0,123.0,228.0,59.0,4.0,0,,79,FAIR,14,FAIR,30,EXCELLENT,56,FAIR,FAIR,EXCELLENT,POSITIVE_CONTINUOUS,GENERAL_POS_FAIR_OR_POOR_SLEEP,,,45.0,40,12.0,8.0,16.0,17.0,72,480,500,NO_CHANGE,NO_CHANGE
2025-09-19,410.0,98.0,262.0,50.0,3.0,0,,80,GOOD,12,FAIR,24,EXCELLENT,64,FAIR,GOOD,EXCELLENT,POSITIVE_DEEP,STRESS_POS_EXCELLENT_OR_GOOD_SLEEP_RESTFUL_DAY,,,47.0,44,12.0,7.0,17.0,14.0,64,480,500,NO_CHANGE,NO_CHANGE
2025-09-20,324.0,80.0,222.0,22.0,7.0,0,,61,FAIR,7,POOR,25,EXCELLENT,69,POOR,FAIR,EXCELLENT,NEGATIVE_SHORT_AND_NONRECOVERING,GENERAL_NEG_FAIR_OR_POOR_SLEEP,,,55.0,46,13.0,6.0,19.0,23.0,37,480,480,NO_CHANGE,NO_CHANGE
2025-09-21,383.0,59.0,289.0,35.0,28.0,2,,67,FAIR,9,POOR,15,FAIR,75,FAIR,FAIR,FAIR,NEGATIVE_NOT_ENOUGH_REM,STRESS_NEG_GOOD_OR_FAIR_SLEEP_STRESSFUL_EVENING,,,55.0,46,13.0,8.0,18.0,24.0,43,480,540,NO_CHANGE,NO_CHANGE
2025-09-22,350.0,103.0,247.0,0.0,12.0,1,,41,POOR,0,POOR,29,EXCELLENT,71,FAIR,POOR,EXCELLENT,NEGATIVE_NOT_RESTORATIVE,HARD_EXERCISE_NEG_FAIR_OR_POOR_SLEEP_HARD_DURING_DAY,,,62.0,44,15.0,9.0,20.0,47.0,18,480,540,TODAYS_LOAD_AND_CHRONIC,NO_CHANGE
2025-09-23,472.0,85.0,268.0,119.0,3.0,0,,97,EXCELLENT,25,EXCELLENT,18,EXCELLENT,57,EXCELLENT,EXCELLENT,EXCELLENT,POSITIVE_HIGHLY_RECOVERING,STRESS_POS_EXCELLENT_OR_GOOD_SLEEP_VERY_RESTFUL_DAY,,,47.0,44,11.0,6.0,15.0,10.0,67,480,540,NO_CHANGE,INCREASING
2025-09-24,417.0,94.0,248.0,75.0,1.0,0,,82,GOOD,18,FAIR,23,EXCELLENT,59,FAIR,GOOD,EXCELLENT,POSITIVE_DEEP,MOD_EXERCISE_POS_EXCELLENT_OR_GOOD_SLEEP_MODERATE_DURING_DAY,,,47.0,43,12.0,6.0,16.0,15.0,65,480,480,NO_CHANGE,NO_CHANGE
2025-09-25,419.0,109.0,273.0,37.0,3.0,0,,76,FAIR,9,POOR,26,EXCELLENT,65,FAIR,GOOD,EXCELLENT,NEGATIVE_NOT_ENOUGH_REM,GENERAL_NEG_FAIR_OR_POOR_SLEEP,,,46.0,44,12.0,8.0,19.0,14.0,61,480,480,NO_CHANGE,NO_CHANGE
2025-09-26,414.0,115.0,234.0,65.0,0.0,0,,83,GOOD,16,FAIR,28,EXCELLENT,57,FAIR,EXCELLENT,EXCELLENT,POSITIVE_CONTINUOUS,STRESS_POS_EXCELLENT_OR_GOOD_SLEEP_RESTFUL_DAY,,,45.0,43,12.0,7.0,17.0,11.0,65,480,480,NO_CHANGE,NO_CHANGE
2025-09-27,436.0,90.0,269.0,77.0,1.0,0,,85,GOOD,18,FAIR,21,EXCELLENT,62,GOOD,GOOD,EXCELLENT,POSITIVE_LONG_AND_CONTINUOUS,STRESS_POS_EXCELLENT_OR_GOOD_SLEEP_VERY_RESTFUL_DAY,,,47.0,44,12.0,7.0,18.0,15.0,61,480,480,NO_CHANGE,NO_CHANGE
2025-09-28,425.0,89.0,274.0,62.0,4.0,0,,78,FAIR,15,FAIR,21,EXCELLENT,64,FAIR,FAIR,EXCELLENT,POSITIVE_DEEP,GENERAL_POS_FAIR_OR_POOR_SLEEP,,,53.0,46,13.0,7.0,18.0,21.0,49,480,480,NO_CHANGE,NO_CHANGE
2025-09-29,414.0,81.0,270.0,63.0,2.0,0,,83,GOOD,15,FAIR,20,EXCELLENT,65,FAIR,EXCELLENT,EXCELLENT,POSITIVE_RECOVERING,RHYTHM_POS_GOOD_SLEEP_EXCELLENT_TIMING,,,47.0,45,11.0,6.0,18.0,10.0,69,480,480,NO_CHANGE,NO_CHANGE
2025-09-30,406.0,53.0,278.0,75.0,12.0,1,,80,GOOD,18,FAIR,13,FAIR,68,FAIR,EXCELLENT,EXCELLENT,POSITIVE_RECOVERING,STRESS_POS_EXCELLENT_OR_GOOD_SLEEP_VERY_RESTFUL_DAY,,,47.0,42,12.0,6.0,19.0,12.0,59,480,480,NO_CHANGE,NO_CHANGE
2025-10-01,422.8,143.0,219.0,61.0,3.0,0,,78,FAIR,14,FAIR,34,EXCELLENT,52,FAIR,FAIR,EXCELLENT,POSITIVE_CONTINUOUS,HARD_EXERCISE_POS_FAIR_SLEEP_HARD_TO_STRENUOUS_DURING_DAY,,,48.0,42,13.0,7.0,16.0,20.0,62,480,510,TODAYS_LOAD_AND_CHRONIC,NO_CHANGE
2025-10-02,415.0,84.0,257.0,74.0,1.0,0,,84,GOOD,18,FAIR,20,EXCELLENT,62,FAIR,EXCELLENT,EXCELLENT,POSITIVE_RECOVERING,STRESS_POS_EXCELLENT_OR_GOOD_SLEEP_RESTFUL_DAY,,,44.0,42,12.0,7.0,20.0,9.0,73,480,480,NO_CHANGE,NO_CHANGE
2025-10-03,413.0,58.0,310.0,45.0,1.0,0,,79,FAIR,11,POOR,14,FAIR,75,FAIR,EXCELLENT,EXCELLENT,NEGATIVE_NOT_ENOUGH_REM,MOD_EXERCISE_NEG_FAIR_OR_POOR_SLEEP_INACTIVITY,,,44.0,40,11.0,7.0,18.0,7.0,60,480,480,NO_CHANGE,NO_CHANGE
2025-10-04,405.0,129.0,228.0,48.0,3.0,0,,80,GOOD,12,FAIR,32,EXCELLENT,56,FAIR,EXCELLENT,EXCELLENT,POSITIVE_RECOVERING,MOD_EXERCISE_POS_EXCELLENT_OR_GOOD_SLEEP_MODERATE_DURING_DAY,,,42.0,40,12.0,7.0,16.0,9.0,60,480,480,NO_CHANGE,NO_CHANGE
2025-10-05,221.0,91.0,117.0,13.0,12.0,1,,35,POOR,6,POOR,41,EXCELLENT,53,POOR,POOR,EXCELLENT,NEGATIVE_SHORT_AND_POOR_QUALITY,RHYTHM_NEG_POOR_SLEEP_REALLY_LATE_TIMING,,,61.0,45,15.0,9.0,21.0,44.0,20,480,500,NO_CHANGE,NO_CHANGE
2025-10-06,486.6,105.0,316.0,66.0,5.0,0,,84,GOOD,14,FAIR,22,EXCELLENT,65,EXCELLENT,FAIR,EXCELLENT,POSITIVE_LONG_AND_CONTINUOUS,HARD_EXERCISE_POS_EXCELLENT_OR_GOOD_SLEEP_HARD_DURING_DAY,,,53.0,45,13.0,8.0,19.0,21.0,49,480,540,TODAYS_LOAD_AND_CHRONIC,NO_CHANGE
2025-10-07,416.0,59.0,250.0,107.0,0.0,0,,85,GOOD,26,EXCELLENT,14,FAIR,60,FAIR,EXCELLENT,EXCELLENT,POSITIVE_REFRESHING,STRESS_POS_EXCELLENT_OR_GOOD_SLEEP_VERY_RESTFUL_DAY,,,47.0,43,12.0,7.0,18.0,11.0,64,480,500,NO_CHANGE,NO_CHANGE
2025-10-08,390.8,116.0,193.0,82.0,0.0,0,,82,GOOD,21,GOOD,30,EXCELLENT,49,FAIR,EXCELLENT,EXCELLENT,POSITIVE_RECOVERING,STRESS_POS_EXCELLENT_OR_GOOD_SLEEP_VERY_RESTFUL_DAY,,,45.0,41,12.0,6.0,18.0,8.0,60,480,480,NO_CHANGE,NO_CHANGE
2025-10-09,408.5,130.0,186.0,93.0,0.0,0,,84,GOOD,23,EXCELLENT,32,EXCELLENT,46,FAIR,GOOD,EXCELLENT,POSITIVE_CONTINUOUS,STRESS_POS_EXCELLENT_OR_GOOD_SLEEP_VERY_RESTFUL_DAY,,,44.0,42,12.0,6.0,16.0,14.0,64,480,500,NO_CHANGE,NO_CHANGE
2025-10-10,422.0,58.0,277.0,87.0,9.0,1,,80,GOOD,21,FAIR,14,FAIR,66,FAIR,FAIR,EXCELLENT,POSITIVE_CALM,MOD_EXERCISE_POS_EXCELLENT_OR_GOOD_SLEEP_MODERATE_DURING_DAY,,,49.0,44,10.0,6.0,18.0,17.0,56,480,500,NO_CHANGE,NO_CHANGE
2025-10-11,407.9,135.0,252.0,21.0,15.0,2,,62,FAIR,5,POOR,33,EXCELLENT,62,FAIR,POOR,GOOD,NEGATIVE_NOT_ENOUGH_REM,RHYTHM_NEG_FAIR_SLEEP_REALLY_LATE_TIMING,,,58.0,46,13.0,6.0,20.0,27.0,38,480,480,NO_CHANGE,NO_CHANGE
2025-10-12,391.0,108.0,226.0,57.0,3.0,0,,74,FAIR,15,FAIR,28,EXCELLENT,58,FAIR,FAIR,EXCELLENT,POSITIVE_CONTINUOUS,MOD_EXERCISE_POS_FAIR_SLEEP_MOD_TO_VIG_DURING_DAY_OUTDOOR,,,55.0,49,13.0,8.0,19.0,23.0,55,480,540,NO_CHANGE,INCREASING
2025-10-13,390.0,101.0,241.0,48.0,12.0,1,,75,FAIR,12,FAIR,26,EXCELLENT,62,FAIR,FAIR,EXCELLENT,POSITIVE_DEEP,GENERAL_POS_FAIR_OR_POOR_SLEEP,,,57.0,45,13.0,7.0,19.0,20.0,46,480,520,NO_CHANGE,NO_CHANGE
2025-10-14,419.0,64.0,242.0,113.0,15.0,1,,83,GOOD,27,EXCELLENT,15,FAIR,58,FAIR,EXCELLENT,GOOD,POSITIVE_REFRESHING,STRESS_POS_EXCELLENT_OR_GOOD_SLEEP_VERY_RESTFUL_DAY,,,48.0,46,12.0,7.0,17.0,12.0,65,480,510,NO_CHANGE,NO_CHANGE
2025-10-15,347.5,93.0,228.0,27.0,0.0,0,,66,FAIR,8,POOR,27,EXCELLENT,66,FAIR,FAIR,EXCELLENT,NEGATIVE_NOT_ENOUGH_REM,STRESS_NEG_GOOD_OR_FAIR_SLEEP_STRESSFUL_EVENING,,,55.0,48,13.0,8.0,21.0,22.0,47,480,480,NO_CHANGE,NO_CHANGE
2025-10-16,412.3,55.0,291.0,67.0,3.0,0,,81,GOOD,16,FAIR,13,FAIR,71,FAIR,EXCELLENT,EXCELLENT,POSITIVE_CONTINUOUS,MOD_EXERCISE_POS_EXCELLENT_OR_GOOD_SLEEP_MODERATE_DURING_DAY_OUTDOOR,,,49.0,43,12.0,7.0,16.0,12.0,69,480,540,NO_CHANGE,INCREASING
2025-10-17,407.0,155.0,164.0,88.0,5.0,0,,81,GOOD,22,GOOD,38,EXCELLENT,40,FAIR,FAIR,EXCELLENT,POSITIVE_CONTINUOUS,MOD_EXERCISE_POS_EXCELLENT_OR_GOOD_SLEEP_VIGOROUS_DURING_DAY,,,45.0,42,12.0,9.0,16.0,17.0,70,480,510,NO_CHANGE,INCREASING
2025-10-18,424.0,113.0,285.0,26.0,0.0,0,,69,FAIR,6,POOR,27,EXCELLENT,67,FAIR,FAIR,EXCELLENT,NEGATIVE_NOT_ENOUGH_REM,STRESS_NEG_GOOD_OR_FAIR_SLEEP_STRESSFUL_EVENING,,,54.0,47,13.0,7.0,18.0,21.0,54,480,510,NO_CHANGE,INCREASING
2025-10-19,498.5,108.0,357.0,34.0,10.0,1,,61,FAIR,7,POOR,22,EXCELLENT,72,EXCELLENT,POOR,EXCELLENT,NEGATIVE_LONG_BUT_NOT_RESTORATIVE,STRESS_NEG_GOOD_OR_WORSE_SLEEP_STRESSFUL_DAY,,,58.0,43,13.0,7.0,20.0,35.0,48,480,510,NO_CHANGE,INCREASING
2025-10-20,239.0,90.0,149.0,0.0,0.0,0,,43,POOR,0,POOR,38,EXCELLENT,62,POOR,FAIR,EXCELLENT,NEGATIVE_SHORT_AND_POOR_STRUCTURE,RHYTHM_NEG_POOR_SLEEP_REALLY_LATE_TIMING,,,57.0,46,14.0,8.0,20.0,22.0,28,480,520,NO_CHANGE,INCREASING
2025-10-21,468.5,53.0,306.0,110.0,0.0,0,,92,EXCELLENT,23,EXCELLENT,11,FAIR,65,EXCELLENT,EXCELLENT,EXCELLENT,POSITIVE_OPTIMAL_STRUCTURE,STRESS_POS_EXCELLENT_OR_GOOD_SLEEP_RESTFUL_EVENING,,,48.0,45,11.0,6.0,16.0,11.0,76,480,540,NO_CHANGE,INCREASING
2025-10-22,485.0,148.0,268.0,69.0,4.0,0,,90,EXCELLENT,14,FAIR,31,EXCELLENT,55,EXCELLENT,GOOD,EXCELLENT,POSITIVE_OPTIMAL_STRUCTURE,GENERAL_POS_EXCELLENT_OR_GOOD_SLEEP,,,47.0,42,13.0,8.0,18.0,14.0,74,480,480,NO_CHANGE,NO_CHANGE
2025-10-23,410.0,108.0,254.0,48.0,12.0,1,,77,FAIR,12,FAIR,26,EXCELLENT,62,FAIR,FAIR,EXCELLENT,POSITIVE_DEEP,MOD_EXERCISE_POS_FAIR_SLEEP_MOD_TO_VIG_DURING_DAY_OUTDOOR,,,50.0,44,13.0,7.0,17.0,17.0,63,480,480,NO_CHANGE,NO_CHANGE
2025-10-24,435.0,93.0,287.0,55.0,3.0,0,,84,GOOD,13,FAIR,21,EXCELLENT,66,GOOD,EXCELLENT,EXCELLENT,POSITIVE_LONG_AND_CONTINUOUS,STRESS_POS_EXCELLENT_OR_GOOD_SLEEP_RESTFUL_DAY,,,47.0,45,12.0,7.0,18.0,12.0,69,480,480,NO_CHANGE,NO_CHANGE
2025-10-25,414.6,125.0,205.0,85.0,4.0,0,,81,GOOD,21,FAIR,30,EXCELLENT,49,FAIR,FAIR,EXCELLENT,POSITIVE_CONTINUOUS,MOD_EXERCISE_POS_EXCELLENT_OR_GOOD_SLEEP_MODERATE_DURING_DAY,,,49.0,44,12.0,8.0,17.0,18.0,61,480,480,NO_CHANGE,NO_CHANGE
2025-10-26,382.0,95.0,243.0,44.0,1.0,0,,73,FAIR,12,FAIR,25,EXCELLENT,64,FAIR,FAIR,EXCELLENT,POSITIVE_CONTINUOUS,GENERAL_POS_FAIR_OR_POOR_SLEEP,,,53.0,47,12.0,6.0,19.0,22.0,52,480,480,NO_CHANGE,NO_CHANGE
2025-10-27,433.0,108.0,291.0,34.0,9.0,1,,69,FAIR,8,POOR,25,EXCELLENT,67,FAIR,FAIR,EXCELLENT,NEGATIVE_NOT_ENOUGH_REM,HARD_EXERCISE_NEG_FAIR_OR_POOR_SLEEP_HARD_DURING_DAY,,,56.0,48,14.0,10.0,19.0,25.0,36,480,530,TODAYS_LOAD_AND_CHRONIC,NO_CHANGE
2025-10-28,0.0,0.0,0.0,0.0,0.0,,,,,,,,,,,,,,,,,,,,,,,,480,520,NO_CHANGE,NO_CHANGE
2025-10-29,514.0,49.0,369.0,96.0,0.0,0,,85,GOOD,19,FAIR,10,FAIR,72,EXCELLENT,FAIR,EXCELLENT,POSITIVE_LONG_AND_CONTINUOUS,STRESS_POS_EXCELLENT_OR_GOOD_SLEEP_RESTFUL_DAY,,,50.0,44,13.0,7.0,18.0,17.0,77,480,480,NO_CHANGE,NO_DATA
2025-10-30,414.6,42.0,287.0,86.0,0.0,0,,79,FAIR,21,FAIR,10,FAIR,69,FAIR,FAIR,EXCELLENT,POSITIVE_CONTINUOUS,STRESS_POS_FAIR_OR_POOR_SLEEP_RESTFUL_DAY,,,48.0,45,12.0,6.0,18.0,16.0,65,480,480,NO_CHANGE,NO_CHANGE
2025-10-31,416.5,147.0,183.0,87.0,0.0,0,,84,GOOD,21,GOOD,35,EXCELLENT,44,FAIR,GOOD,EXCELLENT,POSITIVE_CONTINUOUS,MOD_EXERCISE_POS_EXCELLENT_OR_GOOD_SLEEP_MODERATE_DURING_DAY,,,46.0,45,12.0,7.0,17.0,13.0,66,480,480,NO_CHANGE,NO_CHANGE
2025-11-01,407.0,96.0,225.0,86.0,0.0,0,,81,GOOD,21,GOOD,24,EXCELLENT,55,FAIR,FAIR,EXCELLENT,POSITIVE_DEEP,MOD_EXERCISE_POS_EXCELLENT_OR_GOOD_SLEEP_VIGOROUS_DURING_DAY,,,49.0,45,12.0,7.0,18.0,16.0,65,480,480,NO_CHANGE,NO_CHANGE
2025-11-02,403.0,90.0,286.0,27.0,12.0,1,,66,FAIR,7,POOR,22,EXCELLENT,71,FAIR,FAIR,GOOD,NEGATIVE_NOT_ENOUGH_REM,STRESS_NEG_GOOD_OR_WORSE_SLEEP_STRESSFUL_DAY,,,57.0,50,13.0,9.0,19.0,25.0,47,480,500,TODAYS_LOAD_AND_CHRONIC,INCREASING
2025-11-03,467.7,92.0,338.0,38.0,1.0,0,,77,FAIR,8,POOR,20,EXCELLENT,72,EXCELLENT,FAIR,EXCELLENT,NEGATIVE_LONG_BUT_NOT_ENOUGH_REM,GENERAL_NEG_FAIR_OR_POOR_SLEEP,,,54.0,48,13.0,9.0,20.0,19.0,56,480,530,NO_CHANGE,INCREASING
2025-11-04,418.0,145.0,212.0,61.0,0.0,0,,81,GOOD,15,FAIR,35,EXCELLENT,51,FAIR,GOOD,EXCELLENT,POSITIVE_CONTINUOUS,RHYTHM_POS_GOOD_SLEEP_EXCELLENT_TIMING,,,48.0,45,13.0,7.0,17.0,15.0,63,480,480,NO_CHANGE,NO_CHANGE
2025-11-05,409.0,114.0,206.0,89.0,5.0,0,,84,GOOD,22,GOOD,28,EXCELLENT,50,FAIR,EXCELLENT,EXCELLENT,POSITIVE_CONTINUOUS,STRESS_POS_EXCELLENT_OR_GOOD_SLEEP_VERY_RESTFUL_DAY,,,47.0,43,12.0,7.0,17.0,13.0,62,480,480,NO_CHANGE,NO_CHANGE
2025-11-06,392.7,72.0,254.0,67.0,18.0,1,,78,FAIR,17,FAIR,18,EXCELLENT,65,FAIR,GOOD,GOOD,POSITIVE_DEEP,HARD_EXERCISE_POS_FAIR_SLEEP_HARD_TO_STRENUOUS_DURING_DAY,,,47.0,43,12.0,6.0,19.0,15.0,69,480,500,TODAYS_LOAD_AND_CHRONIC,INCREASING
2025-11-07,416.0,61.0,320.0,35.0,0.0,0,,75,FAIR,8,POOR,15,FAIR,77,FAIR,GOOD,EXCELLENT,NEGATIVE_NOT_ENOUGH_REM,GENERAL_NEG_FAIR_OR_POOR_SLEEP,,,49.0,44,12.0,8.0,18.0,13.0,65,480,520,NO_CHANGE,INCREASING
2025-11-08,468.0,62.0,313.0,93.0,3.0,0,,90,EXCELLENT,20,FAIR,13,FAIR,67,EXCELLENT,EXCELLENT,EXCELLENT,POSITIVE_OPTIMAL_STRUCTURE,STRESS_POS_EXCELLENT_OR_GOOD_SLEEP_VERY_RESTFUL_DAY,,,47.0,44,12.0,8.0,14.0,12.0,,480,500,NO_CHANGE,NO_CHANGE
2025-11-09,253.0,75.0,157.0,21.0,2.0,0,,49,POOR,8,POOR,30,EXCELLENT,62,POOR,POOR,EXCELLENT,NEGATIVE_SHORT_AND_NONRECOVERING,RHYTHM_NEG_POOR_SLEEP_REALLY_LATE_TIMING,,,60.0,46,13.0,8.0,19.0,30.0,24,480,480,NO_CHANGE,NO_CHANGE
2025-11-10,449.9,113.0,227.0,110.0,0.0,0,,94,EXCELLENT,24,EXCELLENT,25,EXCELLENT,50,GOOD,EXCELLENT,EXCELLENT,POSITIVE_OPTIMAL_STRUCTURE,STRESS_POS_EXCELLENT_OR_GOOD_SLEEP_VERY_RESTFUL_DAY,,,47.0,44,12.0,7.0,19.0,11.0,66,480,540,NO_CHANGE,NO_CHANGE
2025-11-11,408.0,141.0,203.0,64.0,0.0,0,,77,FAIR,16,FAIR,35,EXCELLENT,50,FAIR,FAIR,EXCELLENT,POSITIVE_DEEP,STRESS_POS_FAIR_OR_POOR_SLEEP_RESTFUL_DAY,,,49.0,45,12.0,6.0,17.0,21.0,53,480,500,NO_CHANGE,NO_CHANGE
2025-11-12,415.9,139.0,214.0,63.0,4.0,0,,83,GOOD,15,FAIR,33,EXCELLENT,51,FAIR,EXCELLENT,EXCELLENT,POSITIVE_CONTINUOUS,MOD_EXERCISE_POS_EXCELLENT_OR_GOOD_SLEEP_MODERATE_DURING_DAY,,,47.0,42,12.0,8.0,17.0,13.0,71,480,500,NO_CHANGE,NO_CHANGE
2025-11-13,418.0,87.0,241.0,90.0,0.0,0,,82,GOOD,22,GOOD,21,EXCELLENT,58,FAIR,FAIR,EXCELLENT,POSITIVE_CONTINUOUS,RHYTHM_POS_GOOD_SLEEP_GOOD_TIMING,,,50.0,45,13.0,7.0,19.0,18.0,59,480,480,NO_CHANGE,NO_CHANGE
2025-11-14,406.0,178.0,174.0,54.0,4.0,0,,80,GOOD,13,FAIR,44,EXCELLENT,43,FAIR,GOOD,EXCELLENT,POSITIVE_CONTINUOUS,STRESS_POS_EXCELLENT_OR_GOOD_SLEEP_VERY_RESTFUL_DAY,,,47.0,44,13.0,8.0,17.0,14.0,59,480,480,NO_CHANGE,NO_CHANGE
2025-11-15,423.6,121.0,235.0,68.0,5.0,0,,77,FAIR,16,FAIR,29,EXCELLENT,55,FAIR,FAIR,EXCELLENT,POSITIVE_DEEP,RHYTHM_POS_FAIR_OR_POOR_SLEEP_EXCELLENT_TIMING,,,51.0,45,13.0,8.0,18.0,23.0,58,480,480,NO_CHANGE,NO_CHANGE
2025-11-16,446.0,141.0,212.0,93.0,4.0,0,,83,GOOD,21,GOOD,32,EXCELLENT,48,GOOD,FAIR,EXCELLENT,POSITIVE_LONG_AND_CONTINUOUS,MOD_EXERCISE_POS_EXCELLENT_OR_GOOD_SLEEP_MODERATE_DURING_DAY,,,49.0,45,13.0,8.0,18.0,22.0,63,480,480,NO_CHANGE,NO_CHANGE
2025-11-17,447.7,128.0,209.0,111.0,10.0,1,,85,GOOD,25,EXCELLENT,29,EXCELLENT,47,GOOD,FAIR,EXCELLENT,POSITIVE_LONG_AND_REFRESHING,HARD_EXERCISE_POS_EXCELLENT_OR_GOOD_SLEEP_HARD_DURING_DAY,,,50.0,44,13.0,8.0,19.0,20.0,67,480,510,TODAYS_LOAD_AND_CHRONIC,INCREASING
2025-11-18,412.4,109.0,209.0,95.0,0.0,0,,85,GOOD,23,EXCELLENT,26,EXCELLENT,51,FAIR,EXCELLENT,EXCELLENT,POSITIVE_CONTINUOUS,STRESS_POS_EXCELLENT_OR_GOOD_SLEEP_VERY_RESTFUL_DAY,,,47.0,43,13.0,7.0,20.0,12.0,69,480,480,NO_CHANGE,NO_CHANGE
2025-11-19,406.7,61.0,256.0,90.0,0.0,0,,83,GOOD,22,GOOD,15,FAIR,63,FAIR,EXCELLENT,EXCELLENT,POSITIVE_CONTINUOUS,STRESS_POS_EXCELLENT_OR_GOOD_SLEEP_VERY_RESTFUL_DAY,,,46.0,42,12.0,7.0,19.0,11.0,67,480,480,NO_CHANGE,NO_CHANGE
2025-11-20,415.9,93.0,243.0,80.0,6.0,0,,85,GOOD,19,FAIR,22,EXCELLENT,58,FAIR,EXCELLENT,EXCELLENT,POSITIVE_DEEP,STRESS_POS_EXCELLENT_OR_GOOD_SLEEP_RESTFUL_EVENING,,,46.0,41,12.0,7.0,17.0,12.0,59,480,480,NO_CHANGE,NO_CHANGE
2025-11-21,362.0,84.0,264.0,14.0,7.0,1,,61,FAIR,4,POOR,23,EXCELLENT,73,FAIR,FAIR,EXCELLENT,NEGATIVE_NOT_ENOUGH_REM,RHYTHM_NEG_FAIR_SLEEP_REALLY_LATE_TIMING,,,54.0,47,13.0,8.0,18.0,19.0,50,480,480,NO_CHANGE,NO_CHANGE
2025-11-22,266.0,68.0,159.0,39.0,3.0,0,,57,POOR,15,FAIR,26,EXCELLENT,60,POOR,FAIR,EXCELLENT,POSITIVE_SHORT_BUT_DEEP,GENERAL_POS_FAIR_OR_POOR_SLEEP,,,53.0,47,12.0,6.0,19.0,16.0,44,480,530,NO_CHANGE,NO_CHANGE
2025-11-23,457.0,163.0,254.0,40.0,15.0,1,,76,FAIR,9,POOR,36,EXCELLENT,56,EXCELLENT,FAIR,GOOD,NEGATIVE_LONG_BUT_NOT_ENOUGH_REM,GENERAL_NEG_FAIR_OR_POOR_SLEEP,,,52.0,48,14.0,6.0,19.0,20.0,63,480,540,NO_CHANGE,NO_CHANGE
2025-11-24,292.3,59.0,234.0,0.0,38.0,3,,48,POOR,0,POOR,20,EXCELLENT,80,POOR,FAIR,FAIR,NEGATIVE_SHORT_AND_POOR_STRUCTURE,MOD_EXERCISE_NEG_FAIR_OR_POOR_SLEEP_INACTIVITY,,,61.0,48,14.0,8.0,22.0,24.0,30,480,520,NO_CHANGE,NO_CHANGE
2025-11-25,438.9,113.0,270.0,56.0,0.0,0,,82,GOOD,13,FAIR,26,EXCELLENT,62,GOOD,FAIR,EXCELLENT,POSITIVE_LONG_AND_DEEP,STRESS_POS_EXCELLENT_OR_GOOD_SLEEP_RESTFUL_DAY,,,50.0,46,13.0,8.0,17.0,16.0,71,480,540,NO_CHANGE,NO_CHANGE
2025-11-26,382.0,68.0,264.0,50.0,1.0,0,,76,FAIR,13,FAIR,18,GOOD,69,FAIR,FAIR,EXCELLENT,POSITIVE_CONTINUOUS,GENERAL_POS_FAIR_OR_POOR_SLEEP,,,53.0,49,12.0,7.0,18.0,17.0,59,480,510,NO_CHANGE,NO_CHANGE
2025-11-27,393.2,170.0,173.0,51.0,6.0,0,,78,FAIR,13,FAIR,43,EXCELLENT,44,FAIR,GOOD,EXCELLENT,POSITIVE_CONTINUOUS,GENERAL_POS_FAIR_OR_POOR_SLEEP,,,50.0,46,13.0,8.0,19.0,15.0,64,480,520,NO_CHANGE,INCREASING
2025-11-28,412.0,126.0,220.0,66.0,1.0,0,,79,FAIR,16,FAIR,31,EXCELLENT,53,FAIR,FAIR,EXCELLENT,POSITIVE_DEEP,STRESS_POS_FAIR_OR_POOR_SLEEP_RESTFUL_DAY,,,49.0,46,12.0,8.0,17.0,18.0,67,480,520,NO_CHANGE,INCREASING
2025-11-29,501.0,74.0,336.0,91.0,3.0,0,,87,GOOD,18,FAIR,15,FAIR,67,EXCELLENT,FAIR,EXCELLENT,POSITIVE_LONG_AND_CONTINUOUS,MOD_EXERCISE_POS_EXCELLENT_OR_GOOD_SLEEP_MODERATE_DURING_DAY_OUTDOOR,,,52.0,47,12.0,8.0,16.0,17.0,70,480,510,NO_CHANGE,INCREASING
2025-11-30,414.8,118.0,285.0,12.0,13.0,1,,61,FAIR,3,POOR,28,EXCELLENT,69,FAIR,FAIR,GOOD,NEGATIVE_NOT_ENOUGH_REM,RHYTHM_NEG_FAIR_SLEEP_REALLY_LATE_TIMING,,,58.0,51,14.0,8.0,21.0,24.0,44,480,480,NO_CHANGE,NO_CHANGE
2025-12-01,483.0,64.0,371.0,48.0,0.0,0,,78,FAIR,10,POOR,13,FAIR,77,EXCELLENT,FAIR,EXCELLENT,NEGATIVE_LONG_BUT_NOT_ENOUGH_REM,GENERAL_NEG_FAIR_OR_POOR_SLEEP,,,54.0,49,13.0,9.0,19.0,21.0,62,480,530,NO_CHANGE,INCREASING
2025-12-02,410.0,82.0,271.0,57.0,10.0,1,,80,GOOD,14,FAIR,20,EXCELLENT,66,FAIR,EXCELLENT,EXCELLENT,POSITIVE_DEEP,STRESS_POS_EXCELLENT_OR_GOOD_SLEEP_VERY_RESTFUL_DAY,,,50.0,47,12.0,7.0,17.0,13.0,63,480,480,NO_CHANGE,NO_CHANGE
2025-12-03,446.5,64.0,325.0,58.0,13.0,1,,78,FAIR,13,FAIR,14,FAIR,73,GOOD,FAIR,GOOD,POSITIVE_LONG_AND_CALM,MOD_EXERCISE_POS_FAIR_SLEEP_MOD_TO_VIG_DURING_DAY_OUTDOOR,,,54.0,50,13.0,7.0,19.0,21.0,57,480,480,NO_CHANGE,NO_CHANGE
2025-12-04,424.0,121.0,225.0,78.0,2.0,0,,78,FAIR,18,FAIR,29,EXCELLENT,53,FAIR,FAIR,EXCELLENT,POSITIVE_CONTINUOUS,STRESS_POS_FAIR_OR_POOR_SLEEP_RESTFUL_DAY,,,54.0,49,13.0,8.0,20.0,22.0,55,480,480,NO_CHANGE,NO_CHANGE
2025-12-05,407.0,65.0,268.0,74.0,5.0,0,,79,FAIR,18,FAIR,16,GOOD,66,FAIR,FAIR,EXCELLENT,POSITIVE_CONTINUOUS,MOD_EXERCISE_POS_FAIR_SLEEP_MOD_TO_VIG_DURING_DAY_OUTDOOR,,,52.0,50,12.0,7.0,18.0,17.0,56,480,480,NO_CHANGE,NO_CHANGE
2025-12-06,425.0,126.0,238.0,61.0,1.0,0,,77,FAIR,14,FAIR,30,EXCELLENT,56,FAIR,FAIR,EXCELLENT,POSITIVE_CONTINUOUS,GENERAL_POS_FAIR_OR_POOR_SLEEP,,,52.0,48,13.0,9.0,18.0,23.0,63,480,500,NO_CHANGE,NO_CHANGE
2025-12-07,407.4,82.0,292.0,34.0,18.0,1,,73,FAIR,8,POOR,20,EXCELLENT,72,FAIR,FAIR,GOOD,NEGATIVE_NOT_ENOUGH_REM,GENERAL_NEG_FAIR_OR_POOR_SLEEP,,,52.0,48,13.0,9.0,17.0,16.0,63,480,480,NO_CHANGE,NO_CHANGE
2025-12-08,346.0,93.0,253.0,0.0,6.0,0,,53,POOR,0,POOR,27,EXCELLENT,73,FAIR,POOR,EXCELLENT,NEGATIVE_NOT_ENOUGH_REM,STRESS_NEG_POOR_SLEEP_STRESSFUL_EVENING,,,61.0,53,14.0,10.0,18.0,28.0,32,480,510,NO_CHANGE,NO_CHANGE
2025-12-09,421.0,107.0,249.0,65.0,7.0,0,,79,FAIR,15,FAIR,25,EXCELLENT,59,FAIR,FAIR,EXCELLENT,POSITIVE_DEEP,GENERAL_POS_FAIR_OR_POOR_SLEEP,,,52.0,48,13.0,9.0,19.0,20.0,68,480,540,NO_CHANGE,INCREASING
2025-12-10,419.0,105.0,254.0,60.0,0.0,0,,79,FAIR,14,FAIR,25,EXCELLENT,61,FAIR,FAIR,EXCELLENT,POSITIVE_CONTINUOUS,STRESS_POS_FAIR_OR_POOR_SLEEP_RESTFUL_DAY,,,53.0,49,13.0,8.0,18.0,19.0,62,480,520,NO_CHANGE,INCREASING
2025-12-11,373.3,102.0,208.0,64.0,8.0,1,,72,FAIR,17,FAIR,27,EXCELLENT,56,FAIR,FAIR,EXCELLENT,POSITIVE_DEEP,GENERAL_POS_FAIR_OR_POOR_SLEEP,,,51.0,47,13.0,8.0,18.0,23.0,57,480,480,NO_CHANGE,NO_CHANGE
2025-12-12,466.2,111.0,253.0,103.0,7.0,1,,84,GOOD,22,GOOD,24,EXCELLENT,54,EXCELLENT,FAIR,EXCELLENT,POSITIVE_LONG_AND_DEEP,MOD_EXERCISE_POS_EXCELLENT_OR_GOOD_SLEEP_VIGOROUS_DURING_DAY,,,53.0,47,12.0,6.0,17.0,23.0,68,480,520,NO_CHANGE,INCREASING
2025-12-13,417.0,86.0,245.0,86.0,4.0,0,,84,GOOD,21,FAIR,21,EXCELLENT,59,FAIR,GOOD,EXCELLENT,POSITIVE_DEEP,STRESS_POS_EXCELLENT_OR_GOOD_SLEEP_RESTFUL_DAY,,,51.0,48,12.0,6.0,19.0,14.0,61,480,480,NO_CHANGE,NO_CHANGE
2025-12-14,472.0,143.0,278.0,51.0,8.0,0,,83,GOOD,11,POOR,30,EXCELLENT,59,EXCELLENT,FAIR,EXCELLENT,NEGATIVE_LONG_BUT_NOT_ENOUGH_REM,STRESS_NEG_GOOD_OR_WORSE_SLEEP_STRESSFUL_DAY,,,53.0,49,13.0,7.0,20.0,19.0,58,480,480,NO_CHANGE,NO_CHANGE
2025-12-15,391.0,97.0,238.0,56.0,20.0,1,,74,FAIR,14,FAIR,25,EXCELLENT,61,FAIR,FAIR,GOOD,POSITIVE_DEEP,GENERAL_POS_FAIR_OR_POOR_SLEEP,,,54.0,45,14.0,8.0,20.0,21.0,50,480,500,DAILY_ACTIVITY,INCREASING
2025-12-16,412.0,141.0,189.0,82.0,8.0,1,,80,GOOD,20,FAIR,34,EXCELLENT,46,FAIR,FAIR,EXCELLENT,POSITIVE_DEEP,MOD_EXERCISE_POS_EXCELLENT_OR_GOOD_SLEEP_VIGOROUS_DURING_DAY,,,48.0,45,13.0,8.0,17.0,18.0,74,480,500,NO_CHANGE,NO_CHANGE
2025-12-17,388.4,70.0,289.0,30.0,33.0,3,,65,FAIR,8,POOR,18,EXCELLENT,74,FAIR,FAIR,FAIR,NEGATIVE_NOT_ENOUGH_REM,STRESS_NEG_GOOD_OR_WORSE_SLEEP_STRESSFUL_DAY,,,57.0,47,13.0,8.0,19.0,24.0,52,480,500,NO_CHANGE,NO_CHANGE
2025-12-18,461.0,105.0,234.0,122.0,1.0,0,,95,EXCELLENT,26,EXCELLENT,23,EXCELLENT,51,EXCELLENT,EXCELLENT,EXCELLENT,POSITIVE_OPTIMAL_STRUCTURE,STRESS_POS_EXCELLENT_OR_GOOD_SLEEP_RESTFUL_DAY,,,50.0,46,12.0,7.0,19.0,12.0,77,480,530,NO_CHANGE,NO_CHANGE
2025-12-19,450.0,120.0,288.0,42.0,27.0,2,,73,FAIR,9,POOR,27,EXCELLENT,64,GOOD,FAIR,FAIR,NEGATIVE_LONG_BUT_NOT_ENOUGH_REM,STRESS_NEG_GOOD_OR_FAIR_SLEEP_STRESSFUL_EVENING,,,60.0,48,14.0,9.0,20.0,23.0,46,480,480,NO_CHANGE,NO_CHANGE
2025-12-20,426.0,106.0,252.0,68.0,1.0,0,,80,GOOD,16,FAIR,25,EXCELLENT,59,FAIR,FAIR,EXCELLENT,POSITIVE_CONTINUOUS,MOD_EXERCISE_POS_EXCELLENT_OR_GOOD_SLEEP_VIGOROUS_DURING_DAY,,,53.0,50,13.0,10.0,18.0,20.0,64,480,500,NO_CHANGE,NO_CHANGE
2025-12-21,444.9,87.0,327.0,31.0,4.0,0,,70,FAIR,7,POOR,20,EXCELLENT,73,GOOD,FAIR,EXCELLENT,NEGATIVE_LONG_BUT_NOT_ENOUGH_REM,STRESS_NEG_GOOD_OR_WORSE_SLEEP_STRESSFUL_DAY,,,57.0,50,13.0,7.0,19.0,24.0,58,480,480,NO_CHANGE,NO_CHANGE
2025-12-22,437.0,93.0,236.0,108.0,3.0,0,,89,GOOD,25,EXCELLENT,21,EXCELLENT,54,GOOD,EXCELLENT,EXCELLENT,POSITIVE_LONG_AND_REFRESHING,RHYTHM_POS_GOOD_SLEEP_GOOD_TIMING,,,50.0,46,13.0,7.0,19.0,13.0,69,480,510,NO_CHANGE,INCREASING
2025-12-23,403.9,108.0,269.0,27.0,16.0,1,,68,FAIR,7,POOR,27,EXCELLENT,67,FAIR,FAIR,GOOD,NEGATIVE_NOT_ENOUGH_REM,GENERAL_NEG_FAIR_OR_POOR_SLEEP,,,58.0,46,13.0,7.0,21.0,20.0,52,480,480,NO_CHANGE,NO_CHANGE
2025-12-24,497.6,82.0,342.0,74.0,13.0,1,,85,GOOD,15,FAIR,16,GOOD,69,EXCELLENT,FAIR,EXCELLENT,POSITIVE_LONG_AND_CALM,MOD_EXERCISE_POS_EXCELLENT_OR_GOOD_SLEEP_VIGOROUS_DURING_DAY,,,55.0,50,13.0,6.0,21.0,17.0,70,480,480,NO_CHANGE,NO_CHANGE
2025-12-25,0.0,0.0,0.0,0.0,0.0,,,,,,,,,,,,,,,,,,,,,,,,480,480,NO_CHANGE,NO_CHANGE
2025-12-26,0.0,0.0,0.0,0.0,0.0,,,,,,,,,,,,,,,,,,,,,,,,,,,
2025-12-27,0.0,0.0,0.0,0.0,0.0,,,,,,,,,,,,,,,,,,,,,,,,,,,
2025-12-28,0.0,0.0,0.0,0.0,0.0,,,,,,,,,,,,,,,,,,,,,,,,,,,
2025-12-29,413.0,68.0,282.0,63.0,28.0,1,,77,FAIR,15,FAIR,16,GOOD,68,FAIR,FAIR,GOOD,POSITIVE_CALM,RHYTHM_POS_FAIR_OR_POOR_SLEEP_EXCELLENT_TIMING,,,53.0,48,13.0,8.0,19.0,16.0,62,480,480,NO_CHANGE,NO_DATA
2025-12-30,343.0,62.0,269.0,12.0,74.0,2,,55,POOR,3,POOR,18,EXCELLENT,78,FAIR,FAIR,POOR,NEGATIVE_NOT_ENOUGH_REM,GENERAL_NEG_FAIR_OR_POOR_SLEEP,,,58.0,46,13.0,7.0,20.0,21.0,52,480,480,NO_CHANGE,NO_DATA
2025-12-31,451.2,125.0,191.0,136.0,6.0,0,,88,GOOD,30,GOOD,28,EXCELLENT,42,GOOD,GOOD,EXCELLENT,POSITIVE_LONG_AND_CONTINUOUS,STRESS_POS_EXCELLENT_OR_GOOD_SLEEP_RESTFUL_EVENING,,,52.0,47,13.0,6.0,21.0,16.0,75,480,540,NO_CHANGE,NO_DATA
2026-01-01,312.0,41.0,259.0,12.0,18.0,1,,56,POOR,4,POOR,13,FAIR,83,POOR,FAIR,GOOD,NEGATIVE_SHORT_AND_POOR_STRUCTURE,STRESS_NEG_GOOD_OR_WORSE_SLEEP_STRESSFUL_DAY,,,54.0,49,13.0,7.0,18.0,16.0,55,480,480,NO_CHANGE,NO_DATA
2026-01-02,405.0,55.0,250.0,100.0,2.0,0,,83,GOOD,25,EXCELLENT,14,FAIR,62,FAIR,EXCELLENT,EXCELLENT,POSITIVE_RECOVERING,STRESS_POS_EXCELLENT_OR_GOOD_SLEEP_RESTFUL_EVENING,,,50.0,46,12.0,6.0,18.0,8.0,67,480,540,NO_CHANGE,NO_CHANGE
2026-01-03,396.0,110.0,222.0,64.0,13.0,1,,75,FAIR,16,FAIR,28,EXCELLENT,56,FAIR,FAIR,GOOD,POSITIVE_DEEP,GENERAL_POS_FAIR_OR_POOR_SLEEP,,,53.0,47,13.0,8.0,18.0,22.0,64,480,510,NO_CHANGE,NO_CHANGE
2026-01-04,509.0,61.0,339.0,109.0,42.0,3,,81,GOOD,21,GOOD,12,FAIR,67,EXCELLENT,EXCELLENT,FAIR,POSITIVE_LONG_AND_RECOVERING,MOD_EXERCISE_POS_EXCELLENT_OR_GOOD_SLEEP_VIGOROUS_DURING_DAY,,,53.0,49,13.0,6.0,18.0,12.0,79,480,480,NO_CHANGE,NO_CHANGE
2026-01-05,414.4,94.0,251.0,70.0,13.0,1,,81,GOOD,17,FAIR,23,EXCELLENT,61,FAIR,EXCELLENT,GOOD,POSITIVE_DEEP,STRESS_POS_EXCELLENT_OR_GOOD_SLEEP_RESTFUL_EVENING,,,51.0,48,13.0,8.0,19.0,13.0,56,480,480,NO_CHANGE,NO_CHANGE
2026-01-06,441.0,103.0,242.0,96.0,6.0,0,,86,GOOD,22,GOOD,23,EXCELLENT,55,GOOD,FAIR,EXCELLENT,POSITIVE_LONG_AND_DEEP,GENERAL_POS_EXCELLENT_OR_GOOD_SLEEP,,,50.0,45,13.0,8.0,18.0,17.0,72,480,480,NO_CHANGE,NO_CHANGE
2026-01-07,406.0,65.0,274.0,67.0,0.0,0,,81,GOOD,17,FAIR,16,GOOD,67,FAIR,EXCELLENT,EXCELLENT,POSITIVE_RECOVERING,MOD_EXERCISE_POS_EXCELLENT_OR_GOOD_SLEEP_VIGOROUS_DURING_DAY,,,51.0,47,12.0,8.0,17.0,10.0,74,480,480,NO_CHANGE,NO_CHANGE
2026-01-08,409.5,53.0,267.0,90.0,4.0,0,,79,FAIR,22,GOOD,13,FAIR,65,FAIR,FAIR,EXCELLENT,POSITIVE_CONTINUOUS,GENERAL_POS_FAIR_OR_POOR_SLEEP,,,53.0,45,12.0,6.0,18.0,19.0,72,480,480,NO_CHANGE,NO_CHANGE
2026-01-09,411.0,48.0,250.0,113.0,5.0,0,,83,GOOD,27,EXCELLENT,12,FAIR,61,FAIR,EXCELLENT,EXCELLENT,POSITIVE_REFRESHING,STRESS_POS_EXCELLENT_OR_GOOD_SLEEP_RESTFUL_DAY,,,51.0,47,11.0,6.0,19.0,12.0,68,480,480,NO_CHANGE,NO_CHANGE
2026-01-10,0.0,0.0,0.0,0.0,0.0,,,,,,,,,,,,,,,,,,,,,,,,480,500,NO_CHANGE,NO_CHANGE
2026-01-11,369.0,115.0,219.0,35.0,1.0,0,,73,FAIR,9,POOR,31,EXCELLENT,59,FAIR,GOOD,EXCELLENT,NEGATIVE_NOT_ENOUGH_REM,GENERAL_NEG_FAIR_OR_POOR_SLEEP,,,53.0,50,13.0,8.0,18.0,14.0,65,480,480,NO_CHANGE,NO_DATA
2026-01-12,441.0,92.0,249.0,100.0,6.0,1,,90,EXCELLENT,23,EXCELLENT,21,EXCELLENT,56,GOOD,EXCELLENT,EXCELLENT,POSITIVE_OPTIMAL_STRUCTURE,STRESS_POS_EXCELLENT_OR_GOOD_SLEEP_RESTFUL_EVENING,,,51.0,46,12.0,6.0,17.0,11.0,74,480,480,NO_CHANGE,NO_CHANGE
2026-01-13,412.6,115.0,187.0,111.0,6.0,0,,81,GOOD,27,EXCELLENT,28,EXCELLENT,45,FAIR,FAIR,EXCELLENT,POSITIVE_REFRESHING,STRESS_POS_EXCELLENT_OR_GOOD_SLEEP_RESTFUL_EVENING,,,51.0,45,12.0,6.0,23.0,20.0,66,480,480,NO_CHANGE,NO_CHANGE
2026-01-14,435.4,47.0,295.0,94.0,4.0,0,,79,FAIR,22,GOOD,11,FAIR,68,GOOD,FAIR,EXCELLENT,POSITIVE_LONG_AND_CONTINUOUS,MOD_EXERCISE_POS_FAIR_SLEEP_MOD_TO_VIG_DURING_DAY,,,55.0,51,13.0,7.0,18.0,21.0,57,480,480,NO_CHANGE,NO_CHANGE
2026-01-15,404.5,162.0,170.0,73.0,16.0,2,,79,FAIR,18,FAIR,40,EXCELLENT,42,FAIR,GOOD,GOOD,POSITIVE_DEEP,RHYTHM_POS_FAIR_OR_POOR_SLEEP_GOOD_TIMING,,,52.0,45,13.0,8.0,18.0,14.0,62,480,480,NO_CHANGE,NO_CHANGE
2026-01-16,422.0,76.0,289.0,57.0,6.0,0,,80,GOOD,14,FAIR,18,EXCELLENT,68,FAIR,FAIR,EXCELLENT,POSITIVE_CONTINUOUS,STRESS_POS_EXCELLENT_OR_GOOD_SLEEP_VERY_RESTFUL_DAY,,,51.0,47,13.0,9.0,18.0,17.0,63,480,480,NO_CHANGE,NO_CHANGE
2026-01-17,309.9,49.0,261.0,0.0,5.0,0,,52,POOR,0,POOR,16,GOOD,84,POOR,FAIR,EXCELLENT,NEGATIVE_SHORT_AND_POOR_STRUCTURE,RHYTHM_NEG_POOR_SLEEP_REALLY_LATE_TIMING,,,57.0,50,14.0,9.0,21.0,21.0,38,480,480,NO_CHANGE,NO_CHANGE
2026-01-18,383.0,168.0,147.0,68.0,6.0,0,,76,FAIR,18,FAIR,44,EXCELLENT,38,FAIR,FAIR,EXCELLENT,POSITIVE_DEEP,MOD_EXERCISE_POS_FAIR_SLEEP_MOD_TO_VIG_DURING_DAY_OUTDOOR,,,51.0,47,13.0,7.0,20.0,21.0,63,480,540,NO_CHANGE,NO_CHANGE
2026-01-19,418.6,103.0,263.0,53.0,11.0,0,,79,FAIR,13,FAIR,25,EXCELLENT,63,FAIR,FAIR,EXCELLENT,POSITIVE_DEEP,GENERAL_POS_FAIR_OR_POOR_SLEEP,,,55.0,46,13.0,7.0,19.0,17.0,62,480,530,NO_CHANGE,NO_CHANGE
2026-01-20,441.0,53.0,263.0,125.0,11.0,1,,83,GOOD,28,EXCELLENT,12,FAIR,60,GOOD,FAIR,GOOD,POSITIVE_LONG_AND_REFRESHING,STRESS_POS_EXCELLENT_OR_GOOD_SLEEP_VERY_RESTFUL_DAY,,,50.0,47,13.0,8.0,19.0,17.0,56,480,510,NO_CHANGE,NO_CHANGE
2026-01-21,425.6,51.0,269.0,106.0,2.0,0,,83,GOOD,25,EXCELLENT,12,FAIR,63,FAIR,GOOD,EXCELLENT,POSITIVE_REFRESHING,MOD_EXERCISE_POS_EXCELLENT_OR_GOOD_SLEEP_MODERATE_DURING_DAY_OUTDOOR,,,52.0,45,13.0,8.0,19.0,15.0,65,480,480,NO_CHANGE,NO_CHANGE
2026-01-22,405.0,128.0,193.0,84.0,9.0,0,,83,GOOD,21,FAIR,32,EXCELLENT,48,FAIR,EXCELLENT,EXCELLENT,POSITIVE_DEEP,STRESS_POS_EXCELLENT_OR_GOOD_SLEEP_RESTFUL_DAY,,,48.0,45,13.0,8.0,17.0,12.0,59,480,480,NO_CHANGE,NO_CHANGE
2026-01-23,404.0,98.0,244.0,62.0,27.0,1,,77,FAIR,15,FAIR,24,EXCELLENT,60,FAIR,FAIR,GOOD,POSITIVE_DEEP,STRESS_POS_FAIR_OR_POOR_SLEEP_RESTFUL_DAY,,,50.0,46,13.0,8.0,17.0,18.0,61,480,450,NO_CHANGE,NO_CHANGE
2026-01-24,466.9,57.0,297.0,113.0,8.0,0,,89,GOOD,24,EXCELLENT,12,FAIR,64,EXCELLENT,FAIR,EXCELLENT,POSITIVE_LONG_AND_REFRESHING,MOD_EXERCISE_POS_EXCELLENT_OR_GOOD_SLEEP_VIGOROUS_DURING_DAY,,,49.0,46,13.0,7.0,17.0,16.0,68,480,480,NO_CHANGE,NO_CHANGE
2026-01-25,454.4,117.0,273.0,65.0,2.0,0,,86,GOOD,14,FAIR,26,EXCELLENT,60,EXCELLENT,GOOD,EXCELLENT,POSITIVE_LONG_AND_DEEP,STRESS_POS_EXCELLENT_OR_GOOD_SLEEP_RESTFUL_DAY,,,52.0,45,13.0,6.0,19.0,15.0,57,480,480,NO_CHANGE,NO_CHANGE
2026-01-26,399.0,86.0,263.0,50.0,18.0,1,,72,FAIR,13,FAIR,22,EXCELLENT,66,FAIR,FAIR,GOOD,POSITIVE_DEEP,GENERAL_POS_FAIR_OR_POOR_SLEEP,,,58.0,47,13.0,7.0,20.0,25.0,53,480,480,NO_CHANGE,NO_CHANGE
2026-01-27,418.0,162.0,171.0,85.0,1.0,0,,85,GOOD,20,FAIR,39,EXCELLENT,41,FAIR,EXCELLENT,EXCELLENT,POSITIVE_RECOVERING,MOD_EXERCISE_POS_EXCELLENT_OR_GOOD_SLEEP_VIGOROUS_DURING_DAY_OUTDOOR,,,49.0,46,12.0,7.0,16.0,10.0,77,480,510,NO_CHANGE,NO_CHANGE
2026-01-28,399.0,64.0,269.0,66.0,8.0,0,,78,FAIR,17,FAIR,16,GOOD,67,FAIR,GOOD,EXCELLENT,POSITIVE_CONTINUOUS,MOD_EXERCISE_POS_FAIR_SLEEP_MOD_TO_VIG_DURING_DAY_OUTDOOR,,,54.0,49,12.0,6.0,20.0,16.0,63,480,480,NO_CHANGE,NO_CHANGE
2026-01-29,421.0,105.0,215.0,101.0,0.0,0,,88,GOOD,24,EXCELLENT,25,EXCELLENT,51,FAIR,EXCELLENT,EXCELLENT,POSITIVE_RECOVERING,MOD_EXERCISE_POS_EXCELLENT_OR_GOOD_SLEEP_MODERATE_DURING_DAY,,,50.0,44,12.0,7.0,18.0,10.0,74,480,500,NO_CHANGE,NO_CHANGE
2026-01-30,439.0,62.0,315.0,62.0,12.0,0,,84,GOOD,14,FAIR,14,FAIR,72,GOOD,EXCELLENT,EXCELLENT,POSITIVE_LONG_AND_RECOVERING,STRESS_POS_EXCELLENT_OR_GOOD_SLEEP_RESTFUL_DAY,,,51.0,47,12.0,6.0,18.0,10.0,70,480,480,NO_CHANGE,NO_CHANGE
2026-01-31,449.0,114.0,237.0,98.0,15.0,1,,84,GOOD,22,GOOD,25,EXCELLENT,53,GOOD,FAIR,GOOD,POSITIVE_LONG_AND_DEEP,GENERAL_POS_EXCELLENT_OR_GOOD_SLEEP,,,51.0,46,12.0,6.0,19.0,19.0,66,480,480,NO_CHANGE,NO_CHANGE
2026-02-01,329.0,87.0,174.0,68.0,5.0,0,22,67,FAIR,21,FAIR,26,EXCELLENT,53,POOR,FAIR,EXCELLENT,POSITIVE_SHORT_BUT_DEEP,STRESS_POS_FAIR_OR_POOR_SLEEP_RESTFUL_EVENING,58.0,BALANCED,54.0,50,13.0,5.0,18.0,24.0,50,480,480,NO_CHANGE,NO_CHANGE
2026-02-02,353.0,132.0,177.0,44.0,5.0,0,14,71,FAIR,12,FAIR,37,EXCELLENT,50,FAIR,FAIR,EXCELLENT,POSITIVE_CONTINUOUS,STRESS_POS_FAIR_OR_POOR_SLEEP_RESTFUL_EVENING,55.0,BALANCED,53.0,48,13.0,7.0,17.0,21.0,58,480,530,NO_CHANGE,NO_CHANGE
2026-02-03,483.0,111.0,236.0,136.0,17.0,2,26,95,EXCELLENT,28,EXCELLENT,23,EXCELLENT,49,EXCELLENT,EXCELLENT,GOOD,POSITIVE_HIGHLY_RECOVERING,MOD_EXERCISE_POS_EXCELLENT_OR_GOOD_SLEEP_VIGOROUS_DURING_DAY_OUTDOOR,68.0,BALANCED,49.0,45,13.0,6.0,18.0,10.0,80,480,540,NO_CHANGE,NO_CHANGE
2026-02-04,428.0,78.0,274.0,76.0,1.0,0,28,85,GOOD,18,FAIR,18,EXCELLENT,64,FAIR,EXCELLENT,EXCELLENT,POSITIVE_CONTINUOUS,MOD_EXERCISE_POS_EXCELLENT_OR_GOOD_SLEEP_MODERATE_DURING_DAY_OUTDOOR,73.0,BALANCED,51.0,46,12.0,7.0,16.0,12.0,66,480,480,NO_CHANGE,NO_CHANGE
2026-02-05,352.0,107.0,186.0,59.0,14.0,1,20,74,FAIR,17,FAIR,30,EXCELLENT,53,FAIR,EXCELLENT,EXCELLENT,POSITIVE_DEEP,STRESS_POS_FAIR_OR_POOR_SLEEP_RESTFUL_DAY,72.0,BALANCED,52.0,46,11.0,6.0,17.0,12.0,53,480,480,NO_CHANGE,NO_CHANGE
2026-02-06,436.0,200.0,131.0,105.0,4.0,0,20,84,GOOD,24,EXCELLENT,46,EXCELLENT,30,GOOD,FAIR,EXCELLENT,POSITIVE_LONG_AND_REFRESHING,STRESS_POS_EXCELLENT_OR_GOOD_SLEEP_RESTFUL_EVENING,64.0,BALANCED,48.0,44,13.0,7.0,18.0,19.0,79,480,510,NO_CHANGE,NO_CHANGE
2026-02-07,417.0,71.0,277.0,69.0,7.0,0,25,80,GOOD,17,FAIR,17,GOOD,66,FAIR,FAIR,EXCELLENT,POSITIVE_CONTINUOUS,MOD_EXERCISE_POS_EXCELLENT_OR_GOOD_SLEEP_MODERATE_DURING_DAY,81.0,BALANCED,48.0,44,12.0,7.0,17.0,16.0,79,480,480,NO_CHANGE,NO_CHANGE
2026-02-08,510.0,0.0,0.0,0.0,0.0,,,,,,,,,,,,,,,,,,45,15.0,10.0,20.0,,86,480,480,NO_CHANGE,NO_CHANGE
2026-02-09,407.0,176.0,172.0,59.0,13.0,2,15,80,GOOD,14,FAIR,43,EXCELLENT,42,FAIR,EXCELLENT,GOOD,POSITIVE_RECOVERING,STRESS_POS_EXCELLENT_OR_GOOD_SLEEP_VERY_RESTFUL_DAY,68.0,BALANCED,47.0,43,13.0,9.0,16.0,6.0,56,480,480,NO_CHANGE,NO_DATA
2026-02-10,410.0,110.0,191.0,109.0,10.0,1,20,85,GOOD,27,EXCELLENT,27,EXCELLENT,47,FAIR,EXCELLENT,EXCELLENT,POSITIVE_RECOVERING,STRESS_POS_EXCELLENT_OR_GOOD_SLEEP_RESTFUL_DAY,77.0,BALANCED,48.0,44,12.0,8.0,17.0,9.0,63,480,480,NO_CHANGE,NO_CHANGE
2026-02-11,376.0,128.0,195.0,53.0,1.0,0,26,72,FAIR,14,FAIR,34,EXCELLENT,52,FAIR,FAIR,EXCELLENT,POSITIVE_DEEP,STRESS_POS_FAIR_OR_POOR_SLEEP_RESTFUL_EVENING,48.0,BALANCED,50.0,47,14.0,9.0,16.0,23.0,54,480,480,NO_CHANGE,NO_CHANGE
2026-02-12,405.0,151.0,166.0,88.0,2.0,0,25,78,FAIR,22,GOOD,37,EXCELLENT,41,FAIR,FAIR,EXCELLENT,POSITIVE_CONTINUOUS,HARD_EXERCISE_POS_FAIR_SLEEP_HARD_TO_STRENUOUS_DURING_DAY,55.0,BALANCED,52.0,48,13.0,7.0,18.0,22.0,66,480,520,TODAYS_LOAD,NO_CHANGE
2026-02-13,400.3,154.0,159.0,88.0,0.0,0,21,78,FAIR,22,GOOD,38,EXCELLENT,40,FAIR,FAIR,EXCELLENT,POSITIVE_CONTINUOUS,GENERAL_POS_FAIR_OR_POOR_SLEEP,47.0,BALANCED,51.0,48,13.0,7.0,19.0,22.0,63,480,510,NO_CHANGE,NO_CHANGE
2026-02-14,470.0,80.0,297.0,93.0,8.0,1,17,84,GOOD,20,FAIR,17,GOOD,63,EXCELLENT,FAIR,EXCELLENT,POSITIVE_LONG_AND_CALM,MOD_EXERCISE_POS_EXCELLENT_OR_GOOD_SLEEP_VIGOROUS_DURING_DAY,62.0,BALANCED,55.0,49,13.0,6.0,20.0,20.0,74,480,510,HIGH_ACWR_AND_CHRONIC,NO_CHANGE
2026-02-15,532.9,110.0,342.0,81.0,14.0,1,37,85,GOOD,15,FAIR,21,EXCELLENT,64,EXCELLENT,FAIR,GOOD,POSITIVE_LONG_AND_DEEP,MOD_EXERCISE_POS_EXCELLENT_OR_GOOD_SLEEP_MODERATE_DURING_DAY,48.0,UNBALANCED,56.0,50,14.0,8.0,18.0,18.0,62,480,480,NO_CHANGE,NO_CHANGE
2026-02-16,447.0,125.0,232.0,90.0,2.0,0,23,89,GOOD,20,FAIR,28,EXCELLENT,52,GOOD,EXCELLENT,EXCELLENT,POSITIVE_LONG_AND_CONTINUOUS,MOD_EXERCISE_POS_EXCELLENT_OR_GOOD_SLEEP_VIGOROUS_DURING_DAY_OUTDOOR,58.0,LOW,52.0,47,13.0,7.0,17.0,12.0,65,480,480,NO_CHANGE,INCREASING
2026-02-17,483.4,82.0,336.0,66.0,10.0,1,36,83,GOOD,14,FAIR,17,GOOD,70,EXCELLENT,FAIR,EXCELLENT,POSITIVE_LONG_AND_CONTINUOUS,MOD_EXERCISE_POS_EXCELLENT_OR_GOOD_SLEEP_MODERATE_DURING_DAY,60.0,LOW,55.0,48,14.0,6.0,18.0,19.0,65,480,480,NO_CHANGE,INCREASING
2026-02-18,460.0,73.0,333.0,54.0,0.0,0,33,83,GOOD,12,FAIR,16,GOOD,72,EXCELLENT,FAIR,EXCELLENT,POSITIVE_LONG_AND_CONTINUOUS,STRESS_POS_EXCELLENT_OR_GOOD_SLEEP_VERY_RESTFUL_DAY,76.0,UNBALANCED,52.0,49,12.0,6.0,19.0,16.0,67,480,510,NO_CHANGE,INCREASING
2026-02-19,419.8,117.0,211.0,92.0,6.0,1,32,78,FAIR,22,GOOD,28,EXCELLENT,50,FAIR,FAIR,EXCELLENT,POSITIVE_DEEP,GENERAL_POS_FAIR_OR_POOR_SLEEP,63.0,UNBALANCED,51.0,47,13.0,8.0,17.0,23.0,64,480,480,NO_CHANGE,NO_CHANGE
2026-02-20,406.0,115.0,291.0,0.0,13.0,1,26,55,POOR,0,POOR,28,EXCELLENT,72,FAIR,POOR,EXCELLENT,NEGATIVE_NOT_ENOUGH_REM,STRESS_NEG_GOOD_OR_WORSE_SLEEP_STRESSFUL_DAY,39.0,UNBALANCED,64.0,52,15.0,9.0,20.0,29.0,29,480,480,NO_CHANGE,NO_CHANGE
2026-02-21,427.3,72.0,276.0,80.0,9.0,1,23,84,GOOD,19,FAIR,17,GOOD,65,FAIR,EXCELLENT,EXCELLENT,POSITIVE_RECOVERING,MOD_EXERCISE_POS_EXCELLENT_OR_GOOD_SLEEP_MODERATE_DURING_DAY,61.0,UNBALANCED,52.0,49,13.0,9.0,17.0,12.0,76,480,520,NO_CHANGE,INCREASING
2026-02-22,434.0,109.0,277.0,48.0,7.0,0,27,79,FAIR,11,FAIR,25,EXCELLENT,64,GOOD,FAIR,EXCELLENT,POSITIVE_LONG_AND_DEEP,MOD_EXERCISE_POS_FAIR_SLEEP_MOD_TO_VIG_DURING_DAY,53.0,UNBALANCED,57.0,49,13.0,8.0,18.0,20.0,61,480,480,NO_CHANGE,NO_CHANGE
2026-02-23,480.0,29.0,382.0,69.0,6.0,0,29,85,GOOD,14,FAIR,6,FAIR,80,EXCELLENT,EXCELLENT,EXCELLENT,POSITIVE_LONG_AND_CONTINUOUS,STRESS_POS_EXCELLENT_OR_GOOD_SLEEP_RESTFUL_DAY,71.0,BALANCED,53.0,45,11.0,6.0,19.0,11.0,67,480,480,NO_CHANGE,NO_CHANGE
2026-02-24,416.8,108.0,205.0,104.0,0.0,0,24,85,GOOD,25,EXCELLENT,26,EXCELLENT,49,FAIR,GOOD,EXCELLENT,POSITIVE_REFRESHING,STRESS_POS_EXCELLENT_OR_GOOD_SLEEP_RESTFUL_DAY,77.0,BALANCED,49.0,44,12.0,7.0,18.0,15.0,68,480,480,NO_CHANGE,NO_CHANGE
2026-02-25,397.0,116.0,178.0,103.0,4.0,0,19,79,FAIR,26,EXCELLENT,29,EXCELLENT,45,FAIR,FAIR,EXCELLENT,POSITIVE_REFRESHING,RHYTHM_POS_FAIR_OR_POOR_SLEEP_EXCELLENT_TIMING,77.0,BALANCED,49.0,45,12.0,7.0,16.0,20.0,76,480,480,NO_CHANGE,NO_CHANGE
2026-02-26,416.0,91.0,266.0,59.0,1.0,0,22,78,FAIR,14,FAIR,22,EXCELLENT,64,FAIR,FAIR,EXCELLENT,POSITIVE_CONTINUOUS,RHYTHM_POS_FAIR_OR_POOR_SLEEP_GOOD_TIMING,67.0,BALANCED,54.0,48,12.0,6.0,16.0,20.0,69,480,480,NO_CHANGE,NO_CHANGE
2026-02-27,432.0,94.0,250.0,88.0,16.0,1,21,85,GOOD,20,FAIR,22,EXCELLENT,58,GOOD,EXCELLENT,GOOD,POSITIVE_LONG_AND_DEEP,MOD_EXERCISE_POS_EXCELLENT_OR_GOOD_SLEEP_MODERATE_DURING_DAY,73.0,BALANCED,53.0,48,12.0,7.0,17.0,13.0,64,480,480,NO_CHANGE,NO_CHANGE
2026-02-28,421.0,81.0,269.0,71.0,10.0,1,21,81,GOOD,17,FAIR,19,EXCELLENT,64,FAIR,FAIR,EXCELLENT,POSITIVE_DEEP,MOD_EXERCISE_POS_EXCELLENT_OR_GOOD_SLEEP_VIGOROUS_DURING_DAY,71.0,BALANCED,52.0,48,11.0,6.0,16.0,16.0,65,480,480,NO_CHANGE,NO_CHANGE
2026-03-01,415.0,93.0,312.0,10.0,17.0,1,33,61,FAIR,2,POOR,22,EXCELLENT,75,FAIR,FAIR,GOOD,NEGATIVE_NOT_ENOUGH_REM,STRESS_NEG_GOOD_OR_FAIR_SLEEP_VERY_STRESSFUL_DAY,55.0,BALANCED,58.0,49,12.0,7.0,17.0,23.0,40,480,480,NO_CHANGE,NO_CHANGE
2026-03-02,456.5,51.0,334.0,72.0,17.0,2,21,81,GOOD,16,FAIR,11,FAIR,73,EXCELLENT,GOOD,GOOD,POSITIVE_LONG_AND_CALM,STRESS_POS_EXCELLENT_OR_GOOD_SLEEP_RESTFUL_EVENING,80.0,BALANCED,51.0,47,11.0,6.0,17.0,15.0,82,480,520,NO_CHANGE,NO_CHANGE
2026-03-03,406.0,96.0,244.0,66.0,0.0,0,18,83,GOOD,16,FAIR,24,EXCELLENT,60,FAIR,EXCELLENT,EXCELLENT,POSITIVE_RECOVERING,RHYTHM_POS_GOOD_SLEEP_EXCELLENT_TIMING,79.0,BALANCED,49.0,46,12.0,7.0,16.0,10.0,69,480,480,NO_CHANGE,NO_CHANGE
2026-03-04,401.8,177.0,136.0,89.0,4.0,0,20,80,GOOD,22,GOOD,44,EXCELLENT,34,FAIR,FAIR,EXCELLENT,POSITIVE_CONTINUOUS,MOD_EXERCISE_POS_EXCELLENT_OR_GOOD_SLEEP_VIGOROUS_DURING_DAY,59.0,BALANCED,49.0,45,13.0,8.0,16.0,19.0,55,480,480,NO_CHANGE,NO_CHANGE
2026-03-05,418.6,113.0,196.0,110.0,10.0,1,25,81,GOOD,26,EXCELLENT,27,EXCELLENT,47,FAIR,FAIR,EXCELLENT,POSITIVE_REFRESHING,MOD_EXERCISE_POS_EXCELLENT_OR_GOOD_SLEEP_MODERATE_DURING_DAY,64.0,BALANCED,48.0,45,12.0,6.0,16.0,19.0,73,480,480,NO_CHANGE,NO_CHANGE
2026-03-06,406.0,114.0,181.0,111.0,0.0,0,22,81,GOOD,27,EXCELLENT,28,EXCELLENT,45,FAIR,FAIR,EXCELLENT,POSITIVE_REFRESHING,MOD_EXERCISE_POS_EXCELLENT_OR_GOOD_SLEEP_VIGOROUS_DURING_DAY,64.0,BALANCED,49.0,45,13.0,9.0,16.0,19.0,70,480,480,NO_CHANGE,NO_CHANGE
2026-03-07,446.0,142.0,191.0,113.0,0.0,0,25,93,EXCELLENT,25,EXCELLENT,32,EXCELLENT,43,GOOD,EXCELLENT,EXCELLENT,POSITIVE_HIGHLY_RECOVERING,STRESS_POS_EXCELLENT_OR_GOOD_SLEEP_RESTFUL_EVENING,65.0,BALANCED,48.0,44,12.0,7.0,16.0,10.0,76,480,480,NO_CHANGE,NO_CHANGE
2026-03-08,461.9,52.0,384.0,26.0,22.0,1,37,69,FAIR,6,POOR,11,FAIR,83,EXCELLENT,FAIR,GOOD,NEGATIVE_LONG_BUT_NOT_ENOUGH_REM,GENERAL_NEG_FAIR_OR_POOR_SLEEP,66.0,BALANCED,55.0,45,13.0,7.0,18.0,18.0,66,480,480,NO_CHANGE,NO_CHANGE
2026-03-09,435.0,55.0,242.0,138.0,7.0,1,24,84,GOOD,32,FAIR,13,FAIR,56,GOOD,EXCELLENT,EXCELLENT,POSITIVE_LONG_AND_RECOVERING,MOD_EXERCISE_POS_EXCELLENT_OR_GOOD_SLEEP_VIGOROUS_DURING_DAY,78.0,BALANCED,48.0,45,12.0,9.0,16.0,8.0,80,480,480,NO_CHANGE,NO_CHANGE
2026-03-10,412.0,66.0,248.0,98.0,3.0,0,23,85,GOOD,24,EXCELLENT,16,GOOD,60,FAIR,EXCELLENT,EXCELLENT,POSITIVE_RECOVERING,RHYTHM_POS_GOOD_SLEEP_EXCELLENT_TIMING,90.0,BALANCED,49.0,46,11.0,7.0,16.0,8.0,65,480,480,NO_CHANGE,NO_CHANGE
2026-03-11,405.9,69.0,258.0,79.0,8.0,1,25,79,FAIR,19,FAIR,17,GOOD,64,FAIR,FAIR,EXCELLENT,POSITIVE_CALM,STRESS_POS_FAIR_OR_POOR_SLEEP_RESTFUL_DAY,72.0,BALANCED,54.0,45,11.0,7.0,16.0,17.0,56,480,480,NO_CHANGE,NO_CHANGE
2026-03-12,414.9,105.0,210.0,100.0,22.0,1,24,80,GOOD,24,EXCELLENT,25,EXCELLENT,51,FAIR,FAIR,GOOD,POSITIVE_REFRESHING,MOD_EXERCISE_POS_EXCELLENT_OR_GOOD_SLEEP_MODERATE_DURING_DAY,76.0,BALANCED,50.0,45,12.0,8.0,15.0,19.0,73,480,500,NO_CHANGE,NO_CHANGE
2026-03-13,404.4,76.0,296.0,33.0,1.0,0,30,72,FAIR,8,POOR,19,EXCELLENT,73,FAIR,FAIR,EXCELLENT,NEGATIVE_NOT_ENOUGH_REM,GENERAL_NEG_FAIR_OR_POOR_SLEEP,64.0,BALANCED,55.0,46,13.0,9.0,18.0,17.0,59,480,500,NO_CHANGE,NO_CHANGE
2026-03-14,450.0,60.0,303.0,87.0,2.0,0,31,88,GOOD,19,FAIR,13,FAIR,67,GOOD,EXCELLENT,EXCELLENT,POSITIVE_LONG_AND_RECOVERING,STRESS_POS_EXCELLENT_OR_GOOD_SLEEP_RESTFUL_EVENING,80.0,BALANCED,50.0,46,12.0,8.0,16.0,11.0,78,480,510,NO_CHANGE,NO_CHANGE
2026-03-15,430.0,110.0,294.0,26.0,5.0,0,29,69,FAIR,6,POOR,26,EXCELLENT,68,GOOD,FAIR,EXCELLENT,NEGATIVE_LONG_BUT_NOT_ENOUGH_REM,STRESS_NEG_GOOD_OR_WORSE_SLEEP_STRESSFUL_DAY,65.0,BALANCED,55.0,45,12.0,6.0,19.0,21.0,58,480,480,NO_CHANGE,NO_CHANGE
2026-03-16,448.9,64.0,255.0,130.0,6.0,0,23,90,EXCELLENT,29,EXCELLENT,14,FAIR,57,GOOD,EXCELLENT,EXCELLENT,POSITIVE_OPTIMAL_STRUCTURE,RHYTHM_POS_EXCELLENT_SLEEP_EXCELLENT_TIMING,75.0,BALANCED,51.0,45,12.0,7.0,18.0,11.0,73,480,500,NO_CHANGE,NO_CHANGE
2026-03-17,416.0,109.0,210.0,97.0,0.0,0,22,85,GOOD,23,EXCELLENT,26,EXCELLENT,50,FAIR,GOOD,EXCELLENT,POSITIVE_CONTINUOUS,STRESS_POS_EXCELLENT_OR_GOOD_SLEEP_VERY_RESTFUL_DAY,77.0,BALANCED,50.0,44,12.0,6.0,18.0,14.0,64,480,480,NO_CHANGE,NO_CHANGE
2026-03-18,327.0,108.0,168.0,51.0,17.0,1,14,70,FAIR,16,FAIR,33,EXCELLENT,51,POOR,EXCELLENT,GOOD,POSITIVE_SHORT_BUT_DEEP,GENERAL_POS_FAIR_OR_POOR_SLEEP,82.0,BALANCED,50.0,44,12.0,8.0,15.0,11.0,62,480,480,NO_CHANGE,NO_CHANGE
2026-03-19,416.0,96.0,208.0,112.0,15.0,1,20,83,GOOD,27,EXCELLENT,23,EXCELLENT,50,FAIR,FAIR,GOOD,POSITIVE_REFRESHING,RHYTHM_POS_GOOD_SLEEP_EXCELLENT_TIMING,74.0,BALANCED,46.0,42,12.0,7.0,17.0,16.0,78,480,530,NO_CHANGE,NO_CHANGE
2026-03-20,499.0,86.0,307.0,106.0,27.0,2,32,85,GOOD,21,GOOD,17,GOOD,62,EXCELLENT,FAIR,FAIR,POSITIVE_LONG_AND_DEEP,MOD_EXERCISE_POS_EXCELLENT_OR_GOOD_SLEEP_VIGOROUS_DURING_DAY,67.0,BALANCED,50.0,46,12.0,8.0,17.0,17.0,77,480,510,NO_CHANGE,NO_CHANGE
2026-03-21,436.5,104.0,223.0,110.0,10.0,1,22,88,GOOD,25,EXCELLENT,24,EXCELLENT,51,GOOD,EXCELLENT,EXCELLENT,POSITIVE_LONG_AND_REFRESHING,RHYTHM_POS_GOOD_SLEEP_EXCELLENT_TIMING,70.0,BALANCED,50.0,47,12.0,7.0,17.0,12.0,65,480,480,NO_CHANGE,NO_CHANGE
2026-03-22,433.0,88.0,251.0,94.0,17.0,1,22,83,GOOD,22,GOOD,20,EXCELLENT,58,GOOD,FAIR,GOOD,POSITIVE_LONG_AND_DEEP,RHYTHM_POS_GOOD_SLEEP_EXCELLENT_TIMING,61.0,BALANCED,51.0,47,12.0,6.0,17.0,19.0,65,480,440,NO_CHANGE,NO_CHANGE
2026-03-23,367.9,101.0,202.0,65.0,9.0,1,14,79,FAIR,18,FAIR,27,EXCELLENT,55,FAIR,FAIR,EXCELLENT,POSITIVE_DEEP,STRESS_POS_FAIR_OR_POOR_SLEEP_RESTFUL_DAY,61.0,BALANCED,50.0,47,13.0,8.0,17.0,17.0,57,480,480,NO_CHANGE,NO_CHANGE
2026-03-24,443.0,143.0,199.0,101.0,4.0,0,25,88,GOOD,23,EXCELLENT,32,EXCELLENT,45,GOOD,GOOD,EXCELLENT,POSITIVE_LONG_AND_CONTINUOUS,MOD_EXERCISE_POS_EXCELLENT_OR_GOOD_SLEEP_MODERATE_DURING_DAY,62.0,BALANCED,50.0,46,13.0,7.0,16.0,15.0,68,480,510,NO_CHANGE,NO_CHANGE
2026-03-25,372.0,64.0,280.0,28.0,1.0,0,20,71,FAIR,8,POOR,17,GOOD,75,FAIR,EXCELLENT,EXCELLENT,NEGATIVE_NOT_ENOUGH_REM,GENERAL_NEG_FAIR_OR_POOR_SLEEP,77.0,BALANCED,51.0,48,12.0,7.0,16.0,11.0,67,480,480,NO_CHANGE,NO_CHANGE
2026-03-26,403.0,48.0,288.0,67.0,9.0,0,25,76,FAIR,17,FAIR,12,FAIR,71,FAIR,FAIR,EXCELLENT,POSITIVE_CALM,GENERAL_POS_FAIR_OR_POOR_SLEEP,76.0,BALANCED,50.0,46,12.0,8.0,15.0,18.0,72,480,510,NO_CHANGE,NO_CHANGE
2026-03-27,426.0,69.0,281.0,76.0,8.0,0,25,78,FAIR,18,FAIR,16,GOOD,66,FAIR,FAIR,EXCELLENT,POSITIVE_CALM,GENERAL_POS_FAIR_OR_POOR_SLEEP,61.0,BALANCED,52.0,46,13.0,9.0,17.0,21.0,67,480,510,NO_CHANGE,NO_CHANGE
2026-03-28,450.0,79.0,335.0,36.0,4.0,0,23,75,FAIR,8,POOR,18,GOOD,74,GOOD,FAIR,EXCELLENT,NEGATIVE_LONG_BUT_NOT_ENOUGH_REM,RHYTHM_NEG_FAIR_SLEEP_REALLY_LATE_TIMING,59.0,BALANCED,57.0,50,13.0,8.0,16.0,19.0,64,480,500,NO_CHANGE,NO_CHANGE
2026-03-29,352.0,78.0,239.0,35.0,114.0,3,42,49,POOR,10,POOR,22,EXCELLENT,68,FAIR,POOR,POOR,NEGATIVE_NOT_RESTORATIVE,STRESS_NEG_POOR_SLEEP_STRESSFUL_EVENING,40.0,BALANCED,65.0,61,15.0,10.0,20.0,38.0,17,480,510,NO_CHANGE,NO_CHANGE
2026-03-30,391.0,20.0,338.0,33.0,7.0,1,18,52,POOR,8,POOR,5,POOR,86,FAIR,POOR,EXCELLENT,NEGATIVE_NOT_RESTORATIVE,GENERAL_NEG_FAIR_OR_POOR_SLEEP,34.0,LOW,69.0,55,16.0,11.0,22.0,39.0,22,480,450,NO_CHANGE,NO_CHANGE
2026-03-31,425.3,79.0,311.0,36.0,4.0,0,28,78,FAIR,8,POOR,19,EXCELLENT,73,GOOD,FAIR,EXCELLENT,NEGATIVE_LONG_BUT_NOT_ENOUGH_REM,GENERAL_NEG_FAIR_OR_POOR_SLEEP,58.0,LOW,56.0,48,13.0,9.0,19.0,16.0,64,480,520,NO_CHANGE,INCREASING
2026-04-01,392.9,127.0,183.0,83.0,0.0,0,16,79,FAIR,21,GOOD,32,EXCELLENT,47,FAIR,FAIR,EXCELLENT,POSITIVE_CONTINUOUS,STRESS_POS_FAIR_OR_POOR_SLEEP_RESTFUL_DAY,60.0,LOW,50.0,47,13.0,8.0,17.0,17.0,66,480,520,NO_CHANGE,INCREASING
2026-04-02,387.0,99.0,204.0,84.0,0.0,0,22,82,GOOD,22,GOOD,26,EXCELLENT,53,FAIR,EXCELLENT,EXCELLENT,POSITIVE_CONTINUOUS,MOD_EXERCISE_POS_EXCELLENT_OR_GOOD_SLEEP_MODERATE_DURING_DAY,63.0,LOW,49.0,46,13.0,8.0,17.0,12.0,64,480,530,NO_CHANGE,INCREASING
2026-04-03,427.6,88.0,284.0,56.0,1.0,0,23,77,FAIR,13,FAIR,21,EXCELLENT,66,FAIR,FAIR,EXCELLENT,POSITIVE_CONTINUOUS,RHYTHM_POS_FAIR_OR_POOR_SLEEP_EXCELLENT_TIMING,55.0,LOW,53.0,49,14.0,9.0,17.0,23.0,56,480,540,NO_CHANGE,INCREASING
2026-04-04,537.5,97.0,399.0,42.0,8.0,1,31,73,FAIR,8,POOR,18,EXCELLENT,74,EXCELLENT,FAIR,EXCELLENT,NEGATIVE_LONG_BUT_NOT_ENOUGH_REM,STRESS_NEG_GOOD_OR_FAIR_SLEEP_VERY_STRESSFUL_DAY,54.0,LOW,57.0,50,14.0,6.0,18.0,25.0,55,480,540,TODAYS_LOAD_AND_CHRONIC,INCREASING
2026-04-05,519.0,78.0,381.0,60.0,7.0,1,35,81,GOOD,12,FAIR,15,FAIR,73,EXCELLENT,FAIR,EXCELLENT,POSITIVE_LONG_AND_CALM,MOD_EXERCISE_POS_EXCELLENT_OR_GOOD_SLEEP_MODERATE_DURING_DAY,54.0,LOW,56.0,48,13.0,8.0,18.0,19.0,64,480,510,NO_CHANGE,INCREASING
2026-04-06,440.6,134.0,215.0,92.0,0.0,0,21,88,GOOD,21,GOOD,30,EXCELLENT,49,GOOD,EXCELLENT,EXCELLENT,POSITIVE_LONG_AND_CONTINUOUS,STRESS_POS_EXCELLENT_OR_GOOD_SLEEP_RESTFUL_EVENING,61.0,UNBALANCED,51.0,48,13.0,9.0,17.0,13.0,63,480,480,NO_CHANGE,INCREASING
2026-04-07,422.0,72.0,307.0,43.0,4.0,0,25,78,FAIR,10,POOR,17,GOOD,73,FAIR,GOOD,EXCELLENT,NEGATIVE_NOT_ENOUGH_REM,STRESS_NEG_GOOD_OR_WORSE_SLEEP_STRESSFUL_DAY,72.0,BALANCED,52.0,49,12.0,7.0,17.0,14.0,70,480,460,NO_CHANGE,INCREASING
2026-04-08,408.4,124.0,198.0,87.0,0.0,0,22,84,GOOD,21,GOOD,30,EXCELLENT,48,FAIR,GOOD,EXCELLENT,POSITIVE_CONTINUOUS,MOD_EXERCISE_POS_EXCELLENT_OR_GOOD_SLEEP_VIGOROUS_DURING_DAY,65.0,BALANCED,51.0,48,13.0,7.0,17.0,16.0,66,480,480,NO_CHANGE,NO_CHANGE
2026-04-09,403.0,56.0,280.0,67.0,0.0,0,27,79,FAIR,17,FAIR,14,FAIR,69,FAIR,GOOD,EXCELLENT,POSITIVE_CONTINUOUS,GENERAL_POS_FAIR_OR_POOR_SLEEP,70.0,BALANCED,52.0,49,12.0,7.0,18.0,14.0,68,480,480,NO_CHANGE,NO_CHANGE
2026-04-10,394.0,84.0,253.0,57.0,7.0,1,19,78,FAIR,14,FAIR,21,EXCELLENT,64,FAIR,GOOD,EXCELLENT,POSITIVE_DEEP,STRESS_POS_FAIR_OR_POOR_SLEEP_RESTFUL_EVENING,66.0,BALANCED,53.0,48,13.0,8.0,18.0,14.0,65,480,500,NO_CHANGE,NO_CHANGE
2026-04-11,411.0,107.0,223.0,81.0,2.0,0,25,79,FAIR,20,FAIR,26,EXCELLENT,54,FAIR,FAIR,EXCELLENT,POSITIVE_CONTINUOUS,RHYTHM_POS_FAIR_OR_POOR_SLEEP_EXCELLENT_TIMING,59.0,BALANCED,54.0,48,13.0,9.0,19.0,21.0,63,480,510,NO_CHANGE,NO_CHANGE
2026-04-12,390.0,105.0,269.0,16.0,12.0,1,26,60,FAIR,4,POOR,27,EXCELLENT,69,FAIR,POOR,EXCELLENT,NEGATIVE_NOT_ENOUGH_REM,STRESS_NEG_GOOD_OR_WORSE_SLEEP_STRESSFUL_DAY,45.0,BALANCED,63.0,52,14.0,9.0,21.0,27.0,37,480,500,NO_CHANGE,NO_CHANGE
2026-04-13,485.4,95.0,327.0,64.0,8.0,0,34,86,GOOD,13,FAIR,20,EXCELLENT,67,EXCELLENT,FAIR,EXCELLENT,POSITIVE_LONG_AND_DEEP,STRESS_POS_EXCELLENT_OR_GOOD_SLEEP_RESTFUL_EVENING,62.0,BALANCED,55.0,50,13.0,8.0,17.0,17.0,69,480,530,NO_CHANGE,NO_CHANGE
2026-04-14,409.0,104.0,289.0,16.0,10.0,1,27,64,FAIR,4,POOR,25,EXCELLENT,71,FAIR,FAIR,EXCELLENT,NEGATIVE_NOT_ENOUGH_REM,STRESS_NEG_GOOD_OR_FAIR_SLEEP_STRESSFUL_EVENING,60.0,BALANCED,56.0,50,13.0,9.0,18.0,19.0,53,480,480,NO_CHANGE,NO_CHANGE
2026-04-15,411.0,129.0,204.0,78.0,3.0,0,22,81,GOOD,19,FAIR,31,EXCELLENT,50,FAIR,FAIR,EXCELLENT,POSITIVE_CONTINUOUS,RHYTHM_POS_GOOD_SLEEP_EXCELLENT_TIMING,64.0,BALANCED,55.0,50,13.0,9.0,19.0,16.0,63,480,480,NO_CHANGE,NO_CHANGE
2026-04-16,401.6,99.0,262.0,41.0,9.0,1,15,76,FAIR,10,POOR,25,EXCELLENT,65,FAIR,FAIR,EXCELLENT,NEGATIVE_NOT_ENOUGH_REM,STRESS_NEG_GOOD_OR_WORSE_SLEEP_STRESSFUL_DAY,61.0,BALANCED,55.0,51,13.0,8.0,16.0,16.0,60,480,480,NO_CHANGE,NO_CHANGE
2026-04-17,395.0,95.0,205.0,95.0,5.0,0,27,78,FAIR,24,EXCELLENT,24,EXCELLENT,52,FAIR,FAIR,EXCELLENT,POSITIVE_REFRESHING,STRESS_POS_FAIR_OR_POOR_SLEEP_RESTFUL_EVENING,69.0,BALANCED,52.0,49,13.0,8.0,16.0,20.0,69,480,510,NO_CHANGE,NO_CHANGE
2026-04-18,299.9,63.0,227.0,10.0,23.0,1,20,55,POOR,3,POOR,21,EXCELLENT,76,POOR,GOOD,GOOD,NEGATIVE_SHORT_AND_POOR_STRUCTURE,STRESS_NEG_GOOD_OR_WORSE_SLEEP_STRESSFUL_DAY,66.0,BALANCED,55.0,51,12.0,7.0,15.0,16.0,51,480,510,NO_CHANGE,NO_CHANGE
2026-04-19,471.0,117.0,299.0,55.0,15.0,1,27,81,GOOD,12,FAIR,25,EXCELLENT,63,EXCELLENT,FAIR,GOOD,POSITIVE_LONG_AND_DEEP,MOD_EXERCISE_POS_EXCELLENT_OR_GOOD_SLEEP_MODERATE_DURING_DAY,59.0,BALANCED,57.0,53,13.0,8.0,19.0,21.0,51,480,540,NO_CHANGE,NO_CHANGE
2026-04-20,414.0,89.0,263.0,62.0,0.0,0,27,76,FAIR,15,FAIR,21,EXCELLENT,64,FAIR,FAIR,EXCELLENT,POSITIVE_DEEP,MOD_EXERCISE_POS_FAIR_SLEEP_MOD_TO_VIG_DURING_DAY_OUTDOOR,61.0,BALANCED,57.0,48,13.0,7.0,17.0,24.0,56,480,510,NO_CHANGE,NO_CHANGE
2026-04-21,361.0,83.0,158.0,120.0,6.0,1,17,77,FAIR,33,FAIR,23,EXCELLENT,44,FAIR,EXCELLENT,EXCELLENT,POSITIVE_RECOVERING,STRESS_POS_FAIR_OR_POOR_SLEEP_RESTFUL_DAY,71.0,BALANCED,50.0,47,12.0,8.0,16.0,9.0,59,480,500,NO_CHANGE,NO_CHANGE
2026-04-22,402.0,114.0,216.0,72.0,0.0,0,28,81,GOOD,18,FAIR,28,EXCELLENT,54,FAIR,GOOD,EXCELLENT,POSITIVE_DEEP,MOD_EXERCISE_POS_EXCELLENT_OR_GOOD_SLEEP_VIGOROUS_DURING_DAY,65.0,BALANCED,51.0,47,13.0,6.0,17.0,15.0,63,480,520,NO_CHANGE,NO_CHANGE
2026-04-23,424.0,113.0,192.0,119.0,1.0,0,25,85,GOOD,28,EXCELLENT,27,EXCELLENT,45,FAIR,GOOD,EXCELLENT,POSITIVE_REFRESHING,MOD_EXERCISE_POS_EXCELLENT_OR_GOOD_SLEEP_MODERATE_DURING_DAY,68.0,BALANCED,49.0,45,12.0,7.0,17.0,16.0,71,480,500,NO_CHANGE,NO_CHANGE
2026-04-24,416.5,129.0,175.0,113.0,7.0,1,24,86,GOOD,27,EXCELLENT,31,EXCELLENT,42,FAIR,EXCELLENT,EXCELLENT,POSITIVE_REFRESHING,STRESS_POS_EXCELLENT_OR_GOOD_SLEEP_RESTFUL_DAY,64.0,BALANCED,49.0,46,13.0,7.0,17.0,12.0,67,480,480,NO_CHANGE,NO_CHANGE
2026-04-25,421.0,138.0,211.0,72.0,6.0,0,23,79,FAIR,17,FAIR,33,EXCELLENT,50,FAIR,FAIR,EXCELLENT,POSITIVE_CONTINUOUS,GENERAL_POS_FAIR_OR_POOR_SLEEP,57.0,BALANCED,53.0,47,13.0,9.0,17.0,21.0,61,480,480,NO_CHANGE,NO_CHANGE
2026-04-26,518.5,157.0,264.0,98.0,4.0,0,40,90,EXCELLENT,19,FAIR,30,EXCELLENT,51,EXCELLENT,FAIR,EXCELLENT,POSITIVE_OPTIMAL_STRUCTURE,MOD_EXERCISE_POS_EXCELLENT_OR_GOOD_SLEEP_MODERATE_DURING_DAY,53.0,BALANCED,54.0,48,14.0,9.0,18.0,17.0,69,480,480,NO_CHANGE,NO_CHANGE
2026-04-27,408.0,50.0,287.0,71.0,4.0,0,23,81,GOOD,17,FAIR,12,FAIR,70,FAIR,EXCELLENT,EXCELLENT,POSITIVE_RECOVERING,RHYTHM_POS_GOOD_SLEEP_EXCELLENT_TIMING,68.0,BALANCED,52.0,49,12.0,9.0,17.0,10.0,70,480,480,NO_CHANGE,NO_CHANGE
2026-04-28,398.0,115.0,195.0,88.0,1.0,0,25,84,GOOD,22,GOOD,29,EXCELLENT,49,FAIR,EXCELLENT,EXCELLENT,POSITIVE_RECOVERING,STRESS_POS_EXCELLENT_OR_GOOD_SLEEP_RESTFUL_DAY,72.0,BALANCED,49.0,46,12.0,8.0,18.0,9.0,64,480,480,NO_CHANGE,NO_CHANGE
2026-04-29,393.0,68.0,252.0,73.0,4.0,0,26,78,FAIR,19,FAIR,17,GOOD,64,FAIR,FAIR,EXCELLENT,POSITIVE_CONTINUOUS,STRESS_POS_FAIR_OR_POOR_SLEEP_RESTFUL_DAY,80.0,BALANCED,52.0,47,12.0,6.0,17.0,17.0,65,480,480,NO_CHANGE,NO_CHANGE
2026-04-30,371.0,92.0,219.0,60.0,24.0,2,22,72,FAIR,16,FAIR,25,EXCELLENT,59,FAIR,FAIR,FAIR,POSITIVE_DEEP,STRESS_POS_FAIR_OR_POOR_SLEEP_RESTFUL_EVENING,61.0,BALANCED,50.0,48,13.0,7.0,17.0,20.0,60,480,510,NO_CHANGE,NO_CHANGE
2026-05-01,402.6,136.0,161.0,106.0,9.0,0,23,83,GOOD,26,EXCELLENT,34,EXCELLENT,40,FAIR,GOOD,EXCELLENT,POSITIVE_REFRESHING,STRESS_POS_EXCELLENT_OR_GOOD_SLEEP_RESTFUL_DAY,61.0,BALANCED,52.0,49,13.0,9.0,17.0,15.0,61,480,520,NO_CHANGE,NO_CHANGE
2026-05-02,443.0,100.0,314.0,29.0,25.0,2,36,69,FAIR,7,POOR,23,EXCELLENT,71,GOOD,FAIR,FAIR,NEGATIVE_LONG_BUT_NOT_ENOUGH_REM,GENERAL_NEG_FAIR_OR_POOR_SLEEP,52.0,BALANCED,58.0,51,14.0,8.0,18.0,21.0,56,480,510,NO_CHANGE,NO_CHANGE
2026-05-03,492.0,76.0,387.0,29.0,16.0,1,34,70,FAIR,6,POOR,15,FAIR,79,EXCELLENT,FAIR,GOOD,NEGATIVE_LONG_BUT_NOT_ENOUGH_REM,RHYTHM_NEG_FAIR_SLEEP_LATE_TIMING,59.0,BALANCED,56.0,49,13.0,8.0,17.0,20.0,69,480,510,NO_CHANGE,NO_CHANGE
2026-05-04,407.6,94.0,287.0,27.0,3.0,0,23,70,FAIR,7,POOR,23,EXCELLENT,70,FAIR,FAIR,EXCELLENT,NEGATIVE_NOT_ENOUGH_REM,MOD_EXERCISE_NEG_FAIR_OR_POOR_SLEEP_INACTIVITY,59.0,BALANCED,56.0,50,13.0,7.0,20.0,16.0,47,480,480,NO_CHANGE,NO_CHANGE
2026-05-05,418.0,65.0,303.0,50.0,2.0,0,27,79,FAIR,12,FAIR,16,FAIR,72,FAIR,GOOD,EXCELLENT,POSITIVE_CONTINUOUS,STRESS_POS_FAIR_OR_POOR_SLEEP_RESTFUL_DAY,73.0,BALANCED,53.0,50,12.0,8.0,18.0,15.0,71,480,480,NO_CHANGE,NO_CHANGE
2026-05-06,405.0,75.0,249.0,81.0,7.0,1,21,78,FAIR,20,FAIR,19,EXCELLENT,61,FAIR,FAIR,EXCELLENT,POSITIVE_CALM,RHYTHM_POS_FAIR_OR_POOR_SLEEP_GOOD_TIMING,75.0,BALANCED,52.0,47,12.0,8.0,17.0,19.0,70,480,480,NO_CHANGE,NO_CHANGE
2026-05-07,381.0,48.0,244.0,89.0,0.0,0,17,79,FAIR,23,EXCELLENT,13,FAIR,64,FAIR,EXCELLENT,EXCELLENT,POSITIVE_CONTINUOUS,STRESS_POS_FAIR_OR_POOR_SLEEP_RESTFUL_DAY,67.0,BALANCED,53.0,48,12.0,7.0,20.0,13.0,58,480,480,NO_CHANGE,NO_CHANGE
2026-05-08,423.0,74.0,285.0,64.0,11.0,1,22,79,FAIR,15,FAIR,17,GOOD,67,FAIR,FAIR,EXCELLENT,POSITIVE_CALM,RHYTHM_POS_FAIR_OR_POOR_SLEEP_EXCELLENT_TIMING,77.0,BALANCED,51.0,47,13.0,9.0,18.0,17.0,77,480,510,NO_CHANGE,NO_CHANGE
2026-05-09,402.0,103.0,175.0,124.0,4.0,0,18,83,GOOD,31,GOOD,26,EXCELLENT,44,FAIR,EXCELLENT,EXCELLENT,POSITIVE_CONTINUOUS,RHYTHM_POS_GOOD_SLEEP_EXCELLENT_TIMING,72.0,BALANCED,52.0,47,12.0,8.0,17.0,12.0,70,480,500,NO_CHANGE,NO_CHANGE
2026-05-10,444.0,85.0,296.0,63.0,19.0,1,22,82,GOOD,14,FAIR,19,EXCELLENT,67,GOOD,FAIR,GOOD,POSITIVE_LONG_AND_DEEP,MOD_EXERCISE_POS_EXCELLENT_OR_GOOD_SLEEP_MODERATE_DURING_DAY_OUTDOOR,63.0,BALANCED,55.0,51,12.0,8.0,17.0,17.0,66,480,500,NO_CHANGE,NO_CHANGE
2026-05-11,426.0,75.0,290.0,61.0,14.0,1,21,80,GOOD,14,FAIR,18,GOOD,68,FAIR,GOOD,EXCELLENT,POSITIVE_CALM,STRESS_POS_EXCELLENT_OR_GOOD_SLEEP_VERY_RESTFUL_DAY,74.0,BALANCED,52.0,48,13.0,8.0,18.0,15.0,60,480,480,NO_CHANGE,NO_CHANGE
2026-05-12,427.0,82.0,277.0,68.0,6.0,0,27,79,FAIR,16,FAIR,19,EXCELLENT,65,FAIR,FAIR,EXCELLENT,POSITIVE_CONTINUOUS,RHYTHM_POS_FAIR_OR_POOR_SLEEP_EXCELLENT_TIMING,69.0,BALANCED,54.0,49,13.0,9.0,19.0,20.0,63,480,480,NO_CHANGE,NO_CHANGE
2026-05-13,396.0,114.0,236.0,46.0,5.0,0,20,76,FAIR,12,FAIR,29,EXCELLENT,60,FAIR,FAIR,EXCELLENT,POSITIVE_CONTINUOUS,STRESS_POS_FAIR_OR_POOR_SLEEP_RESTFUL_EVENING,57.0,BALANCED,56.0,51,13.0,8.0,17.0,19.0,55,480,480,NO_CHANGE,NO_CHANGE
2026-05-14,411.0,60.0,250.0,101.0,1.0,0,25,83,GOOD,25,EXCELLENT,15,FAIR,61,FAIR,GOOD,EXCELLENT,POSITIVE_REFRESHING,MOD_EXERCISE_POS_EXCELLENT_OR_GOOD_SLEEP_MODERATE_DURING_DAY,65.0,BALANCED,54.0,47,12.0,9.0,16.0,14.0,64,480,510,NO_CHANGE,NO_CHANGE
2026-05-15,409.0,28.0,247.0,134.0,0.0,0,25,76,FAIR,33,FAIR,7,FAIR,60,FAIR,FAIR,EXCELLENT,POSITIVE_CONTINUOUS,RHYTHM_POS_FAIR_OR_POOR_SLEEP_EXCELLENT_TIMING,64.0,BALANCED,54.0,50,12.0,7.0,20.0,19.0,55,480,480,NO_CHANGE,NO_CHANGE
2026-05-16,415.0,73.0,214.0,128.0,1.0,0,23,82,GOOD,31,GOOD,18,GOOD,52,FAIR,GOOD,EXCELLENT,POSITIVE_CONTINUOUS,STRESS_POS_EXCELLENT_OR_GOOD_SLEEP_RESTFUL_DAY,64.0,BALANCED,54.0,48,12.0,7.0,20.0,15.0,60,480,510,NO_CHANGE,NO_CHANGE
2026-05-17,341.0,85.0,188.0,68.0,6.0,0,19,73,FAIR,20,FAIR,25,EXCELLENT,55,FAIR,GOOD,EXCELLENT,POSITIVE_CONTINUOUS,RHYTHM_POS_FAIR_OR_POOR_SLEEP_GOOD_TIMING,66.0,BALANCED,53.0,48,12.0,9.0,18.0,14.0,58,480,480,NO_CHANGE,NO_CHANGE
2026-05-18,550.0,102.0,371.0,77.0,11.0,1,39,84,GOOD,14,FAIR,19,EXCELLENT,67,EXCELLENT,FAIR,EXCELLENT,POSITIVE_LONG_AND_DEEP,HARD_EXERCISE_POS_EXCELLENT_OR_GOOD_SLEEP_HARD_DURING_DAY,59.0,BALANCED,58.0,47,13.0,6.0,21.0,19.0,71,480,540,TODAYS_LOAD_AND_CHRONIC,NO_CHANGE
2026-05-19,404.9,47.0,277.0,81.0,0.0,0,29,78,FAIR,20,FAIR,12,FAIR,68,FAIR,GOOD,EXCELLENT,POSITIVE_CONTINUOUS,STRESS_POS_FAIR_OR_POOR_SLEEP_RESTFUL_DAY,74.0,BALANCED,53.0,50,12.0,7.0,17.0,16.0,62,480,480,NO_CHANGE,NO_CHANGE
2026-05-20,388.0,76.0,194.0,118.0,6.0,1,21,80,GOOD,30,GOOD,20,EXCELLENT,50,FAIR,EXCELLENT,EXCELLENT,POSITIVE_DEEP,RHYTHM_POS_GOOD_SLEEP_EXCELLENT_TIMING,70.0,BALANCED,53.0,50,12.0,7.0,15.0,13.0,62,480,480,NO_CHANGE,NO_CHANGE
2026-05-21,414.0,130.0,199.0,85.0,6.0,0,25,80,GOOD,21,FAIR,31,EXCELLENT,48,FAIR,FAIR,EXCELLENT,POSITIVE_CONTINUOUS,RHYTHM_POS_GOOD_SLEEP_EXCELLENT_TIMING,67.0,BALANCED,52.0,48,12.0,8.0,17.0,19.0,68,480,500,NO_CHANGE,NO_CHANGE
2026-05-22,404.0,98.0,234.0,72.0,5.0,0,23,82,GOOD,18,FAIR,24,EXCELLENT,58,FAIR,GOOD,EXCELLENT,POSITIVE_CONTINUOUS,STRESS_POS_EXCELLENT_OR_GOOD_SLEEP_RESTFUL_DAY,67.0,BALANCED,53.0,50,13.0,9.0,17.0,14.0,63,480,500,NO_CHANGE,NO_CHANGE
2026-05-23,404.0,93.0,217.0,94.0,8.0,1,24,78,FAIR,23,EXCELLENT,23,EXCELLENT,54,FAIR,FAIR,EXCELLENT,POSITIVE_DEEP,RHYTHM_POS_FAIR_OR_POOR_SLEEP_EXCELLENT_TIMING,64.0,BALANCED,55.0,49,12.0,7.0,18.0,21.0,61,480,500,NO_CHANGE,NO_CHANGE
2026-05-24,462.0,106.0,304.0,52.0,3.0,0,32,81,GOOD,11,FAIR,23,EXCELLENT,66,EXCELLENT,FAIR,EXCELLENT,POSITIVE_LONG_AND_DEEP,RHYTHM_POS_GOOD_SLEEP_EXCELLENT_TIMING,50.0,BALANCED,60.0,52,12.0,8.0,19.0,21.0,55,480,460,NO_CHANGE,NO_CHANGE
2026-05-25,425.0,102.0,290.0,33.0,6.0,0,21,76,FAIR,8,POOR,24,EXCELLENT,68,GOOD,GOOD,EXCELLENT,NEGATIVE_LONG_BUT_NOT_ENOUGH_REM,GENERAL_NEG_FAIR_OR_POOR_SLEEP,64.0,BALANCED,56.0,52,12.0,7.0,20.0,15.0,61,480,480,NO_CHANGE,NO_CHANGE
2026-05-26,406.0,47.0,272.0,87.0,3.0,0,26,78,FAIR,21,GOOD,12,FAIR,67,FAIR,FAIR,EXCELLENT,POSITIVE_CONTINUOUS,RHYTHM_POS_FAIR_OR_POOR_SLEEP_EXCELLENT_TIMING,71.0,BALANCED,54.0,51,12.0,8.0,16.0,18.0,58,480,480,NO_CHANGE,NO_CHANGE
2026-05-27,396.0,119.0,237.0,40.0,5.0,0,22,72,FAIR,10,POOR,30,EXCELLENT,60,FAIR,FAIR,EXCELLENT,NEGATIVE_NOT_ENOUGH_REM,STRESS_NEG_GOOD_OR_WORSE_SLEEP_STRESSFUL_DAY,60.0,BALANCED,57.0,52,12.0,7.0,16.0,24.0,55,480,480,NO_CHANGE,NO_CHANGE
2026-05-28,393.0,80.0,263.0,50.0,0.0,0,30,77,FAIR,13,FAIR,20,EXCELLENT,67,FAIR,FAIR,EXCELLENT,POSITIVE_DEEP,RHYTHM_POS_FAIR_OR_POOR_SLEEP_GOOD_TIMING,59.0,BALANCED,56.0,50,12.0,8.0,17.0,16.0,62,480,510,NO_CHANGE,NO_CHANGE
2026-05-29,381.0,133.0,188.0,60.0,0.0,0,13,73,FAIR,16,FAIR,35,EXCELLENT,49,FAIR,FAIR,EXCELLENT,POSITIVE_CONTINUOUS,RHYTHM_POS_FAIR_OR_POOR_SLEEP_GOOD_TIMING,60.0,BALANCED,57.0,51,12.0,7.0,17.0,24.0,60,480,510,NO_CHANGE,NO_CHANGE
2026-05-30,524.0,80.0,358.0,86.0,21.0,1,43,82,GOOD,16,FAIR,15,FAIR,68,EXCELLENT,FAIR,GOOD,POSITIVE_LONG_AND_CALM,RHYTHM_POS_GOOD_SLEEP_GOOD_TIMING,63.0,BALANCED,56.0,51,12.0,7.0,20.0,21.0,74,480,520,NO_CHANGE,NO_CHANGE
2026-05-31,457.0,112.0,298.0,47.0,17.0,2,38,67,FAIR,10,POOR,25,EXCELLENT,65,EXCELLENT,POOR,FAIR,NEGATIVE_LONG_BUT_NOT_RESTORATIVE,STRESS_NEG_GOOD_OR_WORSE_SLEEP_STRESSFUL_DAY,46.0,BALANCED,64.0,52,13.0,7.0,19.0,32.0,39,480,480,NO_CHANGE,NO_CHANGE
2026-06-01,426.0,89.0,285.0,52.0,5.0,0,21,80,GOOD,12,FAIR,21,EXCELLENT,67,FAIR,FAIR,EXCELLENT,POSITIVE_CONTINUOUS,STRESS_POS_EXCELLENT_OR_GOOD_SLEEP_RESTFUL_EVENING,56.0,UNBALANCED,57.0,50,12.0,7.0,17.0,17.0,57,480,480,NO_CHANGE,NO_CHANGE
2026-06-02,416.0,90.0,222.0,104.0,0.0,0,27,85,GOOD,25,EXCELLENT,22,EXCELLENT,53,FAIR,GOOD,EXCELLENT,POSITIVE_REFRESHING,RHYTHM_POS_GOOD_SLEEP_EXCELLENT_TIMING,63.0,UNBALANCED,53.0,49,12.0,9.0,19.0,14.0,67,480,480,NO_CHANGE,NO_CHANGE
2026-06-03,391.0,35.0,291.0,65.0,16.0,1,23,72,FAIR,17,FAIR,9,FAIR,74,FAIR,FAIR,GOOD,POSITIVE_CALM,RHYTHM_POS_FAIR_OR_POOR_SLEEP_EXCELLENT_TIMING,66.0,UNBALANCED,57.0,52,12.0,8.0,19.0,23.0,57,480,480,NO_CHANGE,NO_CHANGE
2026-06-04,412.0,79.0,282.0,51.0,6.0,0,21,78,FAIR,12,FAIR,19,EXCELLENT,68,FAIR,FAIR,EXCELLENT,POSITIVE_CONTINUOUS,RHYTHM_POS_FAIR_OR_POOR_SLEEP_EXCELLENT_TIMING,56.0,UNBALANCED,59.0,55,12.0,7.0,18.0,19.0,58,480,520,NO_CHANGE,INCREASING
2026-06-05,449.0,52.0,279.0,118.0,9.0,0,24,84,GOOD,26,EXCELLENT,12,FAIR,62,GOOD,FAIR,EXCELLENT,POSITIVE_LONG_AND_REFRESHING,STRESS_POS_EXCELLENT_OR_GOOD_SLEEP_RESTFUL_DAY,65.0,UNBALANCED,55.0,50,12.0,7.0,18.0,18.0,65,480,510,NO_CHANGE,INCREASING
2026-06-06,428.0,89.0,254.0,85.0,0.0,0,21,84,GOOD,20,FAIR,21,EXCELLENT,59,FAIR,GOOD,EXCELLENT,POSITIVE_CONTINUOUS,MOD_EXERCISE_POS_EXCELLENT_OR_GOOD_SLEEP_MODERATE_DURING_DAY,64.0,BALANCED,54.0,49,12.0,8.0,18.0,15.0,63,480,480,NO_CHANGE,NO_CHANGE
2026-06-07,491.0,116.0,311.0,64.0,30.0,3,39,76,FAIR,13,FAIR,24,EXCELLENT,63,EXCELLENT,FAIR,FAIR,POSITIVE_LONG_AND_DEEP,MOD_EXERCISE_POS_FAIR_SLEEP_MOD_TO_VIG_DURING_DAY,51.0,BALANCED,60.0,53,13.0,9.0,18.0,23.0,52,480,480,NO_CHANGE,NO_CHANGE
2026-06-08,419.0,60.0,248.0,111.0,1.0,0,20,81,GOOD,26,EXCELLENT,14,FAIR,59,FAIR,FAIR,EXCELLENT,POSITIVE_REFRESHING,RHYTHM_POS_GOOD_SLEEP_EXCELLENT_TIMING,64.0,BALANCED,55.0,51,12.0,8.0,17.0,19.0,64,480,480,NO_CHANGE,NO_CHANGE
2026-06-09,409.0,94.0,248.0,67.0,10.0,1,23,78,FAIR,16,FAIR,23,EXCELLENT,61,FAIR,FAIR,EXCELLENT,POSITIVE_DEEP,RHYTHM_POS_FAIR_OR_POOR_SLEEP_EXCELLENT_TIMING,58.0,BALANCED,58.0,52,12.0,8.0,19.0,18.0,54,480,480,NO_CHANGE,NO_CHANGE
2026-06-10,404.0,70.0,228.0,106.0,1.0,0,25,81,GOOD,26,EXCELLENT,17,GOOD,56,FAIR,FAIR,EXCELLENT,POSITIVE_REFRESHING,MOD_EXERCISE_POS_EXCELLENT_OR_GOOD_SLEEP_ACTIVE_DAY,63.0,BALANCED,56.0,49,12.0,6.0,18.0,16.0,61,480,480,NO_CHANGE,NO_CHANGE
2026-06-11,403.0,54.0,273.0,76.0,7.0,1,20,77,FAIR,19,FAIR,13,FAIR,68,FAIR,FAIR,EXCELLENT,POSITIVE_CALM,RHYTHM_POS_FAIR_OR_POOR_SLEEP_EXCELLENT_TIMING,69.0,BALANCED,54.0,50,11.0,7.0,15.0,18.0,70,480,480,NO_CHANGE,NO_CHANGE
2026-06-12,420.0,87.0,289.0,44.0,8.0,1,26,79,FAIR,10,POOR,21,EXCELLENT,69,FAIR,GOOD,EXCELLENT,NEGATIVE_NOT_ENOUGH_REM,GENERAL_NEG_FAIR_OR_POOR_SLEEP,68.0,BALANCED,55.0,52,12.0,8.0,17.0,14.0,65,480,510,NO_CHANGE,NO_CHANGE
2026-06-13,400.0,54.0,284.0,62.0,9.0,1,26,75,FAIR,16,FAIR,14,FAIR,71,FAIR,FAIR,EXCELLENT,POSITIVE_CALM,RHYTHM_POS_FAIR_OR_POOR_SLEEP_EXCELLENT_TIMING,72.0,BALANCED,55.0,45,12.0,7.0,17.0,20.0,67,480,480,NO_CHANGE,NO_CHANGE
2026-06-14,490.0,115.0,330.0,45.0,8.0,0,43,80,GOOD,9,POOR,23,EXCELLENT,67,EXCELLENT,FAIR,EXCELLENT,NEGATIVE_LONG_BUT_NOT_ENOUGH_REM,GENERAL_NEG_EXCELLENT_OR_GOOD_SLEEP,51.0,BALANCED,60.0,50,13.0,8.0,20.0,19.0,51,480,510,NO_CHANGE,NO_CHANGE
2026-06-15,406.9,25.0,317.0,65.0,9.0,1,22,75,FAIR,16,FAIR,6,FAIR,78,FAIR,FAIR,EXCELLENT,POSITIVE_CALM,MOD_EXERCISE_POS_FAIR_SLEEP_MOD_TO_VIG_DURING_DAY_OUTDOOR,72.0,BALANCED,54.0,49,12.0,8.0,17.0,16.0,54,480,480,NO_CHANGE,NO_CHANGE
2026-06-16,413.0,80.0,216.0,117.0,1.0,0,18,84,GOOD,28,EXCELLENT,19,EXCELLENT,52,FAIR,GOOD,EXCELLENT,POSITIVE_CONTINUOUS,STRESS_POS_EXCELLENT_OR_GOOD_SLEEP_RESTFUL_DAY,80.0,BALANCED,51.0,49,11.0,7.0,16.0,15.0,71,480,510,NO_CHANGE,NO_CHANGE
2026-06-17,389.0,88.0,228.0,73.0,0.0,0,21,76,FAIR,19,FAIR,23,EXCELLENT,59,FAIR,FAIR,EXCELLENT,POSITIVE_CONTINUOUS,RHYTHM_POS_FAIR_OR_POOR_SLEEP_GOOD_TIMING,65.0,BALANCED,53.0,49,12.0,9.0,16.0,20.0,61,480,480,NO_CHANGE,NO_CHANGE
2026-06-18,413.0,49.0,301.0,63.0,7.0,1,20,77,FAIR,15,FAIR,12,FAIR,73,FAIR,FAIR,EXCELLENT,POSITIVE_CALM,STRESS_POS_FAIR_OR_POOR_SLEEP_RESTFUL_DAY,70.0,BALANCED,55.0,49,12.0,7.0,17.0,17.0,66,480,500,NO_CHANGE,NO_CHANGE
2026-06-19,395.0,82.0,224.0,89.0,4.0,0,18,78,FAIR,23,EXCELLENT,21,EXCELLENT,57,FAIR,FAIR,EXCELLENT,POSITIVE_CONTINUOUS,RHYTHM_POS_FAIR_OR_POOR_SLEEP_EXCELLENT_TIMING,72.0,BALANCED,55.0,50,11.0,8.0,15.0,20.0,66,480,510,NO_CHANGE,NO_CHANGE
2026-06-20,401.0,106.0,208.0,87.0,4.0,0,24,83,GOOD,22,GOOD,26,EXCELLENT,52,FAIR,GOOD,EXCELLENT,POSITIVE_CONTINUOUS,RHYTHM_POS_GOOD_SLEEP_EXCELLENT_TIMING,65.0,BALANCED,55.0,48,12.0,6.0,19.0,14.0,66,480,510,NO_CHANGE,NO_CHANGE
2026-06-21,384.0,113.0,219.0,52.0,2.0,0,20,75,FAIR,14,FAIR,29,EXCELLENT,57,FAIR,FAIR,EXCELLENT,POSITIVE_CONTINUOUS,RHYTHM_POS_FAIR_OR_POOR_SLEEP_GOOD_TIMING,58.0,BALANCED,58.0,52,13.0,6.0,18.0,20.0,53,480,500,NO_CHANGE,NO_CHANGE
2026-06-22,399.7,60.0,270.0,70.0,6.0,0,22,79,FAIR,18,FAIR,15,FAIR,68,FAIR,GOOD,EXCELLENT,POSITIVE_CONTINUOUS,MOD_EXERCISE_POS_FAIR_SLEEP_MOD_TO_VIG_DURING_DAY_OUTDOOR,69.0,BALANCED,56.0,51,12.0,6.0,19.0,13.0,65,480,510,NO_CHANGE,NO_CHANGE
